id_venta,a√±o,trimestre,fecha,modelo,tipo_vehiculo,segmento_precio,precio_usd,costo_produccion_usd,unidades_vendidas,ingresos_usd,ganancia_usd,participacion_mercado_pct,concesionaria_tipo,discontinuar_modelo
1,2023,q4,10/11/2021,taos,SUV,alto,37226,27000,305,11353930,3118930,11,oficial,no
2,2021,q4,15/02/2024,taos,SUV,alto,36046,27000,200,7209200,1809200,9,independiente,no
3,2022,q3,11/10/2021,virtus,sedan,medio,19486,15500,237,4618182,944682,9,independiente,no
4,2023,q1,26/11/2024,gol,hatchback,entrada,15700,11000,53,832100,249100,12,independiente,si
5,2021,q4,20/09/2023,golf,hatchback,medio,26296,19000,216,5679936,1575936,6,oficial,no
6,2023,q2,07/11/2022,nivus,SUV,medio,27157,21500,312,8472984,1764984,14,oficial,no
7,2023,q4,27/04/2023,polo,hatchback,medio,18311,12500,129,2362119,749619,3,independiente,no
8,2022,q4,02/01/2024,tiguan,SUV,alto,45371,33000,244,11070524,3018524,2,oficial,no
9,2022,q2,17/01/2025,vento,sedan,medio,27217,20000,220,5987740,1587740,9,oficial,no
10,2022,q4,11/07/2021,amarok,pick-up,alto,44642,36000,238,10624796,2056796,2,oficial,no
11,2024,q4,11/09/2024,virtus,sedan,medio,22260,15500,236,5253360,1595360,3,independiente,no
12,2021,q4,11/10/2025,nivus,SUV,medio,26934,21500,258,6948972,1401972,14,independiente,no
13,2024,q2,22/07/2024,taos,SUV,alto,36782,27000,320,11770240,3130240,6,independiente,no
14,2023,q3,28/10/2024,golf,hatchback,medio,24133,19000,224,5405792,1149792,15,oficial,no
15,2025,q4,04/12/2023,polo,hatchback,medio,16954,12500,163,2763502,726002,8,oficial,no
16,2023,q4,29/10/2022,amarok,pick-up,alto,51718,36000,173,8947214,2719214,3,independiente,no
17,2025,q2,27/09/2023,vento,sedan,medio,27146,20000,176,4777696,1257696,13,oficial,no
18,2021,q3,06/07/2022,polo,hatchback,medio,17683,12500,151,2670133,782633,4,oficial,no
19,2024,q1,07/07/2025,tiguan,SUV,alto,42727,33000,174,7434498,1692498,11,oficial,no
20,2021,q2,31/10/2025,virtus,sedan,medio,21324,15500,138,2942712,803712,7,oficial,no
21,2022,q4,02/05/2022,tiguan,SUV,alto,45935,33000,254,11667490,3285490,11,oficial,no
22,2025,q1,15/12/2025,polo,hatchback,medio,17168,12500,182,3124576,849576,13,independiente,no
23,2025,q3,24/06/2022,taos,SUV,alto,37337,27000,242,9035554,2501554,6,independiente,no
24,2021,q1,10/09/2024,taos,SUV,alto,36922,27000,297,10965834,2946834,10,oficial,no
25,2022,q1,22/08/2021,tiguan,SUV,alto,43662,33000,214,9343668,2281668,2,oficial,no
26,2021,q4,03/04/2022,gol,hatchback,entrada,14485,11000,117,1694745,407745,6,oficial,si
27,2023,q3,27/06/2021,golf,hatchback,medio,26473,19000,162,4288626,1210626,6,oficial,no
28,2021,q2,02/04/2025,tiguan,SUV,alto,40041,33000,246,9850086,1732086,1,oficial,no
29,2025,q4,08/11/2024,nivus,SUV,medio,28339,21500,254,7198106,1737106,12,oficial,no
30,2023,q1,09/11/2022,amarok,pick-up,alto,48035,36000,256,12296960,3080960,11,oficial,no
31,2024,q1,16/01/2022,nivus,SUV,medio,27816,21500,207,5757912,1307412,11,oficial,no
32,2021,q3,13/09/2023,virtus,sedan,medio,21219,15500,205,4349895,1172395,13,oficial,no
33,2025,q1,03/12/2025,amarok,pick-up,alto,47410,36000,263,12468830,3000830,15,independiente,no
34,2022,q4,23/08/2022,amarok,pick-up,alto,42867,36000,203,8702001,1394001,11,oficial,no
35,2025,q3,05/12/2021,vento,sedan,medio,28040,20000,192,5383680,1543680,13,oficial,no
36,2024,q1,28/12/2025,polo,hatchback,medio,15800,12500,128,2022400,422400,14,independiente,si
37,2023,q4,22/03/2025,virtus,sedan,medio,22245,15500,192,4271040,1295040,15,independiente,no
38,2025,q2,07/07/2025,gol,hatchback,entrada,13689,11000,68,930852,182852,1,independiente,si
39,2021,q3,27/11/2021,gol,hatchback,entrada,13210,11000,76,1003960,167960,12,oficial,si
40,2023,q1,30/08/2022,virtus,sedan,medio,22661,15500,138,3127218,988218,1,oficial,no
41,2024,q1,02/05/2024,nivus,SUV,medio,29025,21500,191,5543775,1437275,10,independiente,no
42,2022,q1,23/01/2025,vento,sedan,medio,28783,20000,243,6994269,2134269,9,oficial,no
43,2025,q1,20/12/2025,gol,hatchback,entrada,13037,11000,76,990812,154812,2,independiente,si
44,2022,q4,04/03/2025,golf,hatchback,medio,26674,19000,187,4988038,1435038,2,independiente,no
45,2022,q1,16/06/2024,gol,hatchback,entrada,15220,11000,64,974080,270080,3,independiente,si
46,2025,q1,04/01/2025,nivus,SUV,medio,29818,21500,266,7931588,2212588,7,oficial,no
47,2023,q2,16/01/2025,amarok,pick-up,alto,45453,36000,244,11090532,2306532,10,independiente,no
48,2022,q3,30/07/2023,vento,sedan,medio,27399,20000,188,5151012,1391012,4,independiente,no
49,2023,q4,09/07/2025,amarok,pick-up,alto,49909,36000,287,14323883,3991883,5,independiente,no
50,2021,q4,27/05/2021,tiguan,SUV,alto,40214,33000,181,7278734,1305734,9,independiente,no
51,2025,q1,28/02/2024,virtus,sedan,medio,22482,15500,192,4316544,1340544,11,oficial,no
52,2021,q4,24/02/2021,amarok,pick-up,alto,47099,36000,235,11068265,2608265,2,oficial,no
53,2024,q1,27/12/2021,amarok,pick-up,alto,50929,36000,170,8657930,2537930,12,independiente,no
54,2023,q2,12/11/2022,golf,hatchback,medio,25497,19000,165,4207005,1072005,5,independiente,no
55,2021,q3,12/11/2022,amarok,pick-up,alto,48568,36000,290,14084720,3644720,11,oficial,no
56,2025,q4,10/03/2025,tiguan,SUV,alto,38792,33000,228,8844576,1320576,12,independiente,no
57,2022,q2,11/06/2023,taos,SUV,alto,34889,27000,335,11687815,2642815,1,oficial,no
58,2024,q2,21/12/2022,virtus,sedan,medio,19877,15500,205,4074785,897285,4,oficial,no
59,2023,q1,24/06/2024,nivus,SUV,medio,29042,21500,289,8393138,2179638,10,oficial,no
60,2025,q3,25/04/2025,taos,SUV,alto,32362,27000,346,11197252,1855252,11,independiente,no
61,2023,q1,07/06/2023,nivus,SUV,medio,29523,21500,309,9122607,2479107,4,oficial,no
62,2023,q1,26/01/2025,gol,hatchback,entrada,14033,11000,84,1178772,254772,14,independiente,si
63,2025,q4,12/12/2022,amarok,pick-up,alto,47229,36000,255,12043395,2863395,15,independiente,no
64,2023,q1,27/12/2023,golf,hatchback,medio,24244,19000,188,4557872,985872,5,oficial,no
65,2022,q3,10/05/2021,gol,hatchback,entrada,14293,11000,117,1672281,385281,13,independiente,si
66,2025,q1,17/12/2021,virtus,sedan,medio,21231,15500,183,3885273,1048773,3,oficial,no
67,2024,q1,25/02/2025,taos,SUV,alto,35497,27000,340,12068980,2888980,11,oficial,no
68,2023,q3,16/09/2024,amarok,pick-up,alto,47988,36000,241,11565108,2889108,14,oficial,no
69,2024,q4,17/02/2024,taos,SUV,alto,33646,27000,223,7503058,1482058,8,independiente,no
70,2024,q2,12/04/2021,amarok,pick-up,alto,47180,36000,228,10757040,2549040,10,oficial,no
71,2023,q2,16/03/2022,nivus,SUV,medio,29451,21500,229,6744279,1820779,6,independiente,no
72,2022,q1,20/05/2021,golf,hatchback,medio,25999,19000,212,5511788,1483788,5,independiente,no
73,2025,q3,28/03/2023,gol,hatchback,entrada,14219,11000,54,767826,173826,8,oficial,si
74,2023,q3,30/08/2023,nivus,SUV,medio,27804,21500,199,5532996,1254496,12,oficial,no
75,2022,q4,05/11/2025,taos,SUV,alto,34674,27000,251,8703174,1926174,13,oficial,no
76,2022,q1,19/12/2021,virtus,sedan,medio,20792,15500,186,3867312,984312,10,oficial,no
77,2025,q3,02/11/2021,taos,SUV,alto,32338,27000,263,8504894,1403894,12,independiente,no
78,2025,q2,18/08/2021,nivus,SUV,medio,28896,21500,255,7368480,1885980,2,independiente,no
79,2024,q4,26/02/2025,polo,hatchback,medio,18653,12500,144,2686032,886032,2,independiente,no
80,2025,q3,05/08/2021,virtus,sedan,medio,22233,15500,189,4202037,1272537,15,oficial,no
81,2022,q3,05/12/2025,vento,sedan,medio,25146,20000,208,5230368,1070368,10,independiente,no
82,2022,q3,27/10/2021,tiguan,SUV,alto,41819,33000,227,9492913,2001913,1,independiente,no
83,2022,q2,19/03/2021,gol,hatchback,entrada,15785,11000,87,1373295,416295,6,oficial,si
84,2023,q3,03/12/2023,vento,sedan,medio,28582,20000,240,6859680,2059680,7,independiente,no
85,2021,q4,23/03/2024,golf,hatchback,medio,25659,19000,170,4362030,1132030,8,independiente,no
86,2022,q2,25/03/2021,tiguan,SUV,alto,45022,33000,209,9409598,2512598,7,independiente,no
87,2024,q1,11/10/2023,virtus,sedan,medio,22282,15500,189,4211298,1281798,3,oficial,no
88,2021,q1,18/09/2025,vento,sedan,medio,25667,20000,240,6160080,1360080,1,oficial,no
89,2024,q3,14/12/2021,tiguan,SUV,alto,38036,33000,299,11372764,1505764,3,independiente,no
90,2025,q3,01/01/2024,polo,hatchback,medio,18713,12500,127,2376551,789051,7,oficial,no
91,2023,q1,16/07/2023,amarok,pick-up,alto,48628,36000,208,10114624,2626624,12,oficial,no
92,2022,q2,14/02/2024,polo,hatchback,medio,15422,12500,151,2328722,441222,10,independiente,si
93,2023,q3,25/09/2021,gol,hatchback,entrada,14912,11000,107,1595584,418584,7,oficial,si
94,2021,q2,11/11/2022,tiguan,SUV,alto,45123,33000,184,8302632,2230632,15,independiente,no
95,2025,q2,27/06/2021,vento,sedan,medio,26502,20000,228,6042456,1482456,14,independiente,no
96,2024,q2,23/10/2021,tiguan,SUV,alto,41873,33000,293,12268789,2599789,2,independiente,no
97,2024,q4,31/12/2023,amarok,pick-up,alto,46003,36000,271,12466813,2710813,3,oficial,no
98,2024,q4,29/09/2023,polo,hatchback,medio,17957,12500,142,2549894,774894,6,independiente,no
99,2025,q4,16/03/2025,nivus,SUV,medio,30507,21500,265,8084355,2386855,11,independiente,no
100,2022,q1,18/06/2023,virtus,sedan,medio,20030,15500,197,3945910,892410,2,oficial,no
101,2025,q3,20/11/2025,gol,hatchback,entrada,14525,11000,116,1684900,408900,11,independiente,si
102,2022,q1,15/04/2022,taos,SUV,alto,35359,27000,337,11915983,2816983,1,oficial,no
103,2022,q1,17/09/2021,taos,SUV,alto,33497,27000,212,7101364,1377364,4,oficial,no
104,2025,q1,06/11/2021,tiguan,SUV,alto,41566,33000,233,9684878,1995878,1,independiente,no
105,2025,q1,02/10/2022,amarok,pick-up,alto,48628,36000,191,9287948,2411948,10,independiente,no
106,2023,q4,16/04/2023,nivus,SUV,medio,27027,21500,208,5621616,1149616,3,oficial,no
107,2023,q3,18/01/2022,gol,hatchback,entrada,15153,11000,59,894027,245027,7,oficial,si
108,2021,q3,19/12/2023,gol,hatchback,entrada,14687,11000,120,1762440,442440,9,oficial,si
109,2023,q1,28/06/2024,golf,hatchback,medio,24458,19000,279,6823782,1522782,15,oficial,no
110,2023,q2,26/08/2023,polo,hatchback,medio,16350,12500,121,1978350,465850,7,independiente,si
111,2022,q3,27/11/2024,tiguan,SUV,alto,42764,33000,231,9878484,2255484,15,independiente,no
112,2024,q3,01/01/2023,taos,SUV,alto,32801,27000,251,8233051,1456051,4,oficial,no
113,2025,q2,03/03/2024,nivus,SUV,medio,27526,21500,211,5807986,1271486,7,oficial,no
114,2022,q2,22/07/2024,taos,SUV,alto,35810,27000,261,9346410,2299410,15,independiente,no
115,2023,q4,09/03/2024,golf,hatchback,medio,27117,19000,280,7592760,2272760,10,oficial,no
116,2022,q2,27/04/2024,nivus,SUV,medio,29100,21500,277,8060700,2105200,1,oficial,no
117,2024,q4,24/05/2024,nivus,SUV,medio,29607,21500,186,5506902,1507902,11,oficial,no
118,2025,q4,08/02/2025,amarok,pick-up,alto,43860,36000,247,10833420,1941420,6,independiente,no
119,2021,q3,02/04/2025,taos,SUV,alto,35464,27000,295,10461880,2496880,13,oficial,no
120,2021,q1,01/11/2025,polo,hatchback,medio,16351,12500,200,3270200,770200,8,oficial,no
121,2023,q2,25/10/2021,polo,hatchback,medio,16473,12500,158,2602734,627734,8,oficial,no
122,2022,q1,26/11/2023,tiguan,SUV,alto,40943,33000,175,7165025,1390025,4,independiente,no
123,2023,q1,02/02/2024,vento,sedan,medio,25615,20000,145,3714175,814175,10,oficial,no
124,2021,q1,29/08/2025,golf,hatchback,medio,25245,19000,205,5175225,1280225,4,oficial,no
125,2021,q4,15/10/2025,polo,hatchback,medio,15981,12500,129,2061549,449049,3,independiente,si
126,2021,q2,12/11/2024,nivus,SUV,medio,28961,21500,233,6747913,1738413,12,independiente,no
127,2024,q4,23/06/2021,taos,SUV,alto,37645,27000,266,10013570,2831570,8,oficial,no
128,2022,q1,12/08/2024,gol,hatchback,entrada,14275,11000,57,813675,186675,3,oficial,si
129,2025,q2,15/08/2021,vento,sedan,medio,25199,20000,237,5972163,1232163,11,independiente,no
130,2024,q1,13/10/2024,amarok,pick-up,alto,47763,36000,251,11988513,2952513,9,independiente,no
131,2025,q3,05/04/2021,tiguan,SUV,alto,43015,33000,297,12775455,2974455,4,independiente,no
132,2025,q1,06/03/2023,polo,hatchback,medio,16081,12500,129,2074449,461949,3,independiente,si
133,2025,q4,07/10/2025,taos,SUV,alto,34280,27000,300,10284000,2184000,11,independiente,no
134,2022,q4,19/08/2025,taos,SUV,alto,32238,27000,220,7092360,1152360,13,independiente,no
135,2022,q2,03/02/2021,golf,hatchback,medio,24397,19000,164,4001108,885108,15,oficial,no
136,2025,q4,19/07/2021,polo,hatchback,medio,16234,12500,142,2305228,530228,5,oficial,no
137,2021,q2,27/01/2023,gol,hatchback,entrada,15425,11000,76,1172300,336300,11,oficial,si
138,2025,q1,21/07/2024,amarok,pick-up,alto,48405,36000,261,12633705,3237705,12,oficial,no
139,2023,q3,16/02/2022,virtus,sedan,medio,19971,15500,170,3395070,760070,9,oficial,no
140,2025,q2,12/10/2021,tiguan,SUV,alto,43282,33000,251,10863782,2580782,6,independiente,no
141,2021,q4,17/02/2022,nivus,SUV,medio,26502,21500,258,6837516,1290516,10,independiente,no
142,2021,q3,20/07/2024,vento,sedan,medio,27827,20000,146,4062742,1142742,15,independiente,no
143,2023,q3,17/01/2024,amarok,pick-up,alto,51930,36000,283,14696190,4508190,4,independiente,no
144,2022,q2,07/08/2025,amarok,pick-up,alto,47716,36000,241,11499556,2823556,11,oficial,no
145,2025,q3,19/03/2025,taos,SUV,alto,32354,27000,294,9512076,1574076,12,independiente,no
146,2021,q4,10/09/2023,polo,hatchback,medio,16459,12500,127,2090293,502793,11,oficial,no
147,2024,q4,26/09/2021,virtus,sedan,medio,21705,15500,209,4536345,1296845,12,independiente,no
148,2022,q3,18/02/2022,virtus,sedan,medio,19205,15500,149,2861545,552045,3,oficial,no
149,2023,q4,21/07/2023,amarok,pick-up,alto,48911,36000,170,8314870,2194870,10,oficial,no
150,2021,q3,02/07/2024,golf,hatchback,medio,25747,19000,177,4557219,1194219,7,independiente,no
151,2023,q1,30/08/2025,virtus,sedan,medio,21452,15500,184,3947168,1095168,6,independiente,no
152,2021,q1,09/10/2023,vento,sedan,medio,27381,20000,223,6105963,1645963,9,independiente,no
153,2025,q4,08/09/2023,gol,hatchback,entrada,14995,11000,108,1619460,431460,4,independiente,si
154,2021,q2,25/11/2024,golf,hatchback,medio,23334,19000,156,3640104,676104,3,oficial,no
155,2025,q4,25/09/2024,gol,hatchback,entrada,13501,11000,96,1296096,240096,5,independiente,si
156,2023,q4,10/06/2023,gol,hatchback,entrada,15784,11000,77,1215368,368368,1,independiente,si
157,2021,q4,18/10/2021,nivus,SUV,medio,26279,21500,214,5623706,1022706,6,independiente,no
158,2022,q2,09/10/2023,golf,hatchback,medio,24552,19000,253,6211656,1404656,1,oficial,no
159,2024,q2,31/03/2024,polo,hatchback,medio,18591,12500,174,3234834,1059834,12,oficial,no
160,2021,q1,06/04/2025,polo,hatchback,medio,16273,12500,212,3449876,799876,1,oficial,no
161,2022,q2,30/06/2023,tiguan,SUV,alto,43337,33000,192,8320704,1984704,4,oficial,no
162,2025,q4,24/05/2022,amarok,pick-up,alto,51367,36000,271,13920457,4164457,5,independiente,no
163,2021,q1,28/07/2024,taos,SUV,alto,37917,27000,302,11450934,3296934,3,independiente,no
164,2022,q4,04/02/2023,polo,hatchback,medio,15698,12500,121,1899458,386958,12,oficial,si
165,2023,q4,24/12/2025,vento,sedan,medio,24591,20000,142,3491922,651922,3,oficial,no
166,2024,q4,31/05/2021,taos,SUV,alto,37916,27000,207,7848612,2259612,4,oficial,no
167,2024,q2,19/05/2022,virtus,sedan,medio,22299,15500,173,3857727,1176227,3,independiente,no
168,2025,q2,07/02/2023,golf,hatchback,medio,25564,19000,185,4729340,1214340,15,independiente,no
169,2025,q2,21/08/2024,golf,hatchback,medio,24820,19000,160,3971200,931200,13,independiente,no
170,2021,q4,14/10/2022,tiguan,SUV,alto,38704,33000,250,9676000,1426000,9,independiente,no
171,2024,q4,19/09/2024,virtus,sedan,medio,21151,15500,209,4420559,1181059,1,independiente,no
172,2022,q2,04/08/2021,gol,hatchback,entrada,15482,11000,61,944402,273402,10,independiente,si
173,2024,q1,31/12/2021,amarok,pick-up,alto,51355,36000,205,10527775,3147775,14,independiente,no
174,2025,q4,06/03/2023,taos,SUV,alto,33794,27000,214,7231916,1453916,7,oficial,no
175,2022,q3,23/05/2023,virtus,sedan,medio,21014,15500,151,3173114,832614,12,oficial,no
176,2023,q3,10/11/2022,virtus,sedan,medio,20964,15500,217,4549188,1185688,6,oficial,no
177,2024,q2,19/12/2025,polo,hatchback,medio,16217,12500,219,3551523,814023,1,independiente,no
178,2023,q4,24/05/2024,tiguan,SUV,alto,42119,33000,247,10403393,2252393,1,oficial,no
179,2025,q2,29/05/2022,gol,hatchback,entrada,14358,11000,70,1005060,235060,14,oficial,si
180,2025,q1,24/08/2022,amarok,pick-up,alto,49594,36000,237,11753778,3221778,7,independiente,no
181,2021,q4,22/03/2024,amarok,pick-up,alto,42544,36000,168,7147392,1099392,3,independiente,no
182,2025,q4,10/07/2025,polo,hatchback,medio,16350,12500,120,1962000,462000,10,oficial,si
183,2021,q4,27/12/2023,golf,hatchback,medio,27254,19000,182,4960228,1502228,12,independiente,no
184,2024,q3,27/04/2022,nivus,SUV,medio,30944,21500,280,8664320,2644320,8,oficial,no
185,2025,q4,24/12/2024,tiguan,SUV,alto,42357,33000,233,9869181,2180181,8,independiente,no
186,2025,q4,26/10/2021,golf,hatchback,medio,24054,19000,151,3632154,763154,1,oficial,no
187,2022,q2,12/09/2025,nivus,SUV,medio,26737,21500,198,5293926,1036926,9,independiente,no
188,2022,q2,22/02/2021,gol,hatchback,entrada,13385,11000,75,1003875,178875,10,independiente,si
189,2021,q4,27/05/2025,nivus,SUV,medio,28130,21500,236,6638680,1564680,9,independiente,no
190,2025,q3,15/06/2021,tiguan,SUV,alto,44299,33000,236,10454564,2666564,5,independiente,no
191,2022,q4,28/04/2021,amarok,pick-up,alto,47485,36000,245,11633825,2813825,15,independiente,no
192,2024,q3,04/05/2022,golf,hatchback,medio,27028,19000,166,4486648,1332648,9,oficial,no
193,2023,q1,08/05/2025,virtus,sedan,medio,21214,15500,163,3457882,931382,9,independiente,no
194,2023,q1,06/03/2024,nivus,SUV,medio,27759,21500,193,5357487,1207987,2,oficial,no
195,2021,q1,13/02/2023,taos,SUV,alto,37234,27000,285,10611690,2916690,9,independiente,no
196,2024,q2,05/11/2023,taos,SUV,alto,32407,27000,333,10791531,1800531,7,oficial,no
197,2022,q4,27/07/2024,polo,hatchback,medio,15207,12500,184,2798088,498088,1,independiente,si
198,2022,q3,16/03/2024,vento,sedan,medio,26063,20000,178,4639214,1079214,6,oficial,no
199,2022,q3,14/01/2022,nivus,SUV,medio,27843,21500,206,5735658,1306658,14,independiente,no
200,2022,q1,30/01/2023,amarok,pick-up,alto,48962,36000,165,8078730,2138730,10,oficial,no
201,2023,q3,30/11/2023,nivus,SUV,medio,28706,21500,215,6171790,1549290,10,independiente,no
202,2021,q1,24/02/2021,nivus,SUV,medio,29800,21500,278,8284400,2307400,1,oficial,no
203,2022,q4,17/04/2023,vento,sedan,medio,25135,20000,146,3669710,749710,14,independiente,no
204,2021,q4,29/11/2025,nivus,SUV,medio,30908,21500,307,9488756,2888256,9,independiente,no
205,2024,q1,21/11/2024,nivus,SUV,medio,27954,21500,267,7463718,1723218,1,oficial,no
206,2025,q4,08/04/2025,amarok,pick-up,alto,43130,36000,179,7720270,1276270,10,oficial,no
207,2025,q4,02/02/2025,gol,hatchback,entrada,13543,11000,101,1367843,256843,11,oficial,si
208,2021,q1,23/08/2022,amarok,pick-up,alto,42206,36000,174,7343844,1079844,3,oficial,no
209,2025,q3,28/12/2021,tiguan,SUV,alto,40037,33000,202,8087474,1421474,15,oficial,no
210,2022,q4,31/08/2024,taos,SUV,alto,33523,27000,296,9922808,1930808,9,independiente,no
211,2025,q3,05/08/2025,virtus,sedan,medio,20623,15500,216,4454568,1106568,9,independiente,no
212,2023,q2,25/12/2021,amarok,pick-up,alto,45141,36000,243,10969263,2221263,2,oficial,no
213,2025,q4,03/07/2023,taos,SUV,alto,35311,27000,255,9004305,2119305,7,independiente,no
214,2024,q2,01/07/2022,gol,hatchback,entrada,14754,11000,112,1652448,420448,11,independiente,si
215,2023,q4,04/04/2025,virtus,sedan,medio,20386,15500,177,3608322,864822,13,oficial,no
216,2025,q1,21/08/2024,nivus,SUV,medio,30212,21500,296,8942752,2578752,2,independiente,no
217,2021,q1,20/09/2023,tiguan,SUV,alto,40849,33000,284,11601116,2229116,12,independiente,no
218,2021,q1,18/05/2021,vento,sedan,medio,27551,20000,222,6116322,1676322,10,independiente,no
219,2025,q4,20/12/2024,tiguan,SUV,alto,43605,33000,188,8197740,1993740,14,independiente,no
220,2023,q2,13/08/2023,taos,SUV,alto,33361,27000,211,7039171,1342171,5,oficial,no
221,2024,q3,04/07/2023,gol,hatchback,entrada,15341,11000,102,1564782,442782,2,oficial,si
222,2023,q2,28/05/2022,nivus,SUV,medio,26083,21500,183,4773189,838689,10,oficial,no
223,2023,q4,16/01/2024,nivus,SUV,medio,28263,21500,262,7404906,1771906,13,oficial,no
224,2022,q3,06/02/2024,tiguan,SUV,alto,45034,33000,194,8736596,2334596,15,oficial,no
225,2022,q2,24/01/2021,gol,hatchback,entrada,15715,11000,58,911470,273470,7,oficial,si
226,2023,q4,25/04/2025,polo,hatchback,medio,16339,12500,167,2728613,641113,3,independiente,no
227,2024,q1,29/08/2022,taos,SUV,alto,32821,27000,218,7154978,1268978,14,independiente,no
228,2024,q2,26/07/2025,tiguan,SUV,alto,43173,33000,192,8289216,1953216,10,independiente,no
229,2024,q1,18/06/2025,virtus,sedan,medio,20713,15500,174,3604062,907062,14,independiente,no
230,2023,q4,23/09/2021,tiguan,SUV,alto,39094,33000,294,11493636,1791636,1,oficial,no
231,2024,q2,27/09/2021,taos,SUV,alto,37691,27000,234,8819694,2501694,6,oficial,no
232,2024,q4,26/03/2025,virtus,sedan,medio,22704,15500,146,3314784,1051784,11,oficial,no
233,2025,q4,21/12/2023,golf,hatchback,medio,27108,19000,176,4771008,1427008,6,oficial,no
234,2024,q1,05/01/2023,taos,SUV,alto,33483,27000,312,10446696,2022696,1,independiente,no
235,2024,q1,16/01/2022,nivus,SUV,medio,27917,21500,200,5583400,1283400,11,independiente,no
236,2025,q4,16/12/2022,taos,SUV,alto,36762,27000,319,11727078,3114078,3,oficial,no
237,2024,q2,07/03/2024,taos,SUV,alto,37460,27000,245,9177700,2562700,1,oficial,no
238,2021,q4,01/11/2023,nivus,SUV,medio,30642,21500,234,7170228,2139228,4,independiente,no
239,2022,q3,17/01/2023,golf,hatchback,medio,24768,19000,177,4383936,1020936,3,independiente,no
240,2023,q1,08/03/2023,vento,sedan,medio,27158,20000,227,6164866,1624866,12,oficial,no
241,2025,q1,15/10/2022,virtus,sedan,medio,19043,15500,223,4246589,790089,4,independiente,no
242,2025,q2,22/09/2024,taos,SUV,alto,33262,27000,217,7217854,1358854,10,oficial,no
243,2022,q2,07/02/2023,polo,hatchback,medio,18507,12500,176,3257232,1057232,3,oficial,no
244,2022,q4,27/05/2025,tiguan,SUV,alto,39964,33000,272,10870208,1894208,2,oficial,no
245,2021,q1,13/05/2021,vento,sedan,medio,26943,20000,152,4095336,1055336,6,independiente,no
246,2021,q3,18/04/2021,amarok,pick-up,alto,44624,36000,255,11379120,2199120,4,oficial,no
247,2024,q3,14/05/2022,taos,SUV,alto,33632,27000,221,7432672,1465672,3,independiente,no
248,2024,q1,28/01/2024,taos,SUV,alto,36095,27000,308,11117260,2801260,8,independiente,no
249,2021,q4,11/11/2021,vento,sedan,medio,24171,20000,226,5462646,942646,13,independiente,no
250,2024,q2,22/03/2024,tiguan,SUV,alto,41312,33000,232,9584384,1928384,9,oficial,no
251,2025,q4,10/02/2022,polo,hatchback,medio,17029,12500,138,2350002,625002,13,oficial,no
252,2025,q1,24/07/2025,polo,hatchback,medio,15957,12500,173,2760561,598061,2,independiente,no
253,2024,q4,01/04/2021,nivus,SUV,medio,29962,21500,265,7939930,2242430,6,oficial,no
254,2024,q1,17/10/2024,amarok,pick-up,alto,50206,36000,202,10141612,2869612,5,oficial,no
255,2025,q3,21/07/2025,golf,hatchback,medio,23929,19000,248,5934392,1222392,8,independiente,no
256,2024,q2,13/06/2021,taos,SUV,alto,36423,27000,310,11291130,2921130,15,independiente,no
257,2023,q3,12/09/2022,nivus,SUV,medio,26908,21500,190,5112520,1027520,15,independiente,no
258,2023,q2,21/10/2022,nivus,SUV,medio,26365,21500,228,6011220,1109220,9,oficial,no
259,2025,q3,12/01/2025,vento,sedan,medio,27631,20000,195,5388045,1488045,14,independiente,no
260,2021,q2,30/01/2024,golf,hatchback,medio,24463,19000,186,4550118,1016118,3,oficial,no
261,2021,q2,11/04/2025,virtus,sedan,medio,21864,15500,193,4219752,1228252,3,independiente,no
262,2025,q2,27/09/2025,amarok,pick-up,alto,47872,36000,274,13116928,3252928,15,independiente,no
263,2025,q4,01/10/2021,taos,SUV,alto,33458,27000,300,10037400,1937400,5,independiente,no
264,2025,q4,18/08/2021,taos,SUV,alto,34243,27000,324,11094732,2346732,11,independiente,no
265,2024,q1,17/12/2022,amarok,pick-up,alto,50879,36000,287,14602273,4270273,9,independiente,no
266,2025,q4,15/06/2025,nivus,SUV,medio,29901,21500,315,9418815,2646315,1,oficial,no
267,2025,q3,07/04/2022,vento,sedan,medio,27896,20000,202,5634992,1594992,2,independiente,no
268,2022,q2,29/06/2024,amarok,pick-up,alto,42855,36000,229,9813795,1569795,6,oficial,no
269,2025,q3,13/12/2024,vento,sedan,medio,28173,20000,179,5042967,1462967,6,oficial,no
270,2024,q2,10/04/2021,vento,sedan,medio,24578,20000,214,5259692,979692,11,oficial,no
271,2022,q2,06/07/2024,nivus,SUV,medio,27410,21500,249,6825090,1471590,12,independiente,no
272,2025,q4,04/11/2021,amarok,pick-up,alto,46437,36000,225,10448325,2348325,3,oficial,no
273,2025,q3,07/05/2022,polo,hatchback,medio,15448,12500,144,2224512,424512,15,oficial,si
274,2022,q2,19/09/2021,golf,hatchback,medio,23116,19000,233,5386028,959028,13,oficial,no
275,2025,q4,04/04/2024,vento,sedan,medio,26129,20000,231,6035799,1415799,11,oficial,no
276,2023,q3,16/05/2024,gol,hatchback,entrada,14239,11000,95,1352705,307705,11,oficial,si
277,2021,q4,01/01/2023,gol,hatchback,entrada,14852,11000,77,1143604,296604,12,oficial,si
278,2023,q3,10/12/2025,virtus,sedan,medio,22205,15500,237,5262585,1589085,12,independiente,no
279,2023,q4,02/09/2023,virtus,sedan,medio,22222,15500,151,3355522,1015022,8,independiente,no
280,2022,q1,24/02/2022,golf,hatchback,medio,25251,19000,188,4747188,1175188,12,oficial,no
281,2021,q2,19/04/2021,tiguan,SUV,alto,39696,33000,176,6986496,1178496,9,independiente,no
282,2022,q1,17/03/2022,vento,sedan,medio,27258,20000,257,7005306,1865306,7,independiente,no
283,2024,q2,16/10/2021,taos,SUV,alto,32078,27000,279,8949762,1416762,3,independiente,no
284,2023,q1,02/07/2022,nivus,SUV,medio,29909,21500,185,5533165,1555665,5,independiente,no
285,2021,q3,15/03/2024,virtus,sedan,medio,22337,15500,181,4042997,1237497,7,independiente,no
286,2024,q1,05/02/2021,taos,SUV,alto,34771,27000,326,11335346,2533346,12,oficial,no
287,2025,q1,19/11/2022,tiguan,SUV,alto,41392,33000,277,11465584,2324584,5,independiente,no
288,2025,q4,05/05/2025,golf,hatchback,medio,26388,19000,188,4960944,1388944,6,independiente,no
289,2024,q4,10/11/2024,polo,hatchback,medio,18818,12500,138,2596884,871884,8,oficial,no
290,2021,q4,19/04/2023,vento,sedan,medio,26102,20000,233,6081766,1421766,4,oficial,no
291,2025,q4,30/09/2023,virtus,sedan,medio,22250,15500,218,4850500,1471500,15,independiente,no
292,2022,q2,09/06/2022,tiguan,SUV,alto,44060,33000,215,9472900,2377900,2,oficial,no
293,2025,q3,27/03/2021,gol,hatchback,entrada,14545,11000,78,1134510,276510,14,independiente,si
294,2022,q3,24/05/2024,nivus,SUV,medio,28095,21500,199,5590905,1312405,1,oficial,no
295,2025,q2,21/04/2024,virtus,sedan,medio,22311,15500,133,2967363,905863,2,independiente,no
296,2024,q4,01/08/2021,nivus,SUV,medio,26414,21500,303,8003442,1488942,7,independiente,no
297,2023,q1,02/04/2023,virtus,sedan,medio,19460,15500,162,3152520,641520,9,independiente,no
298,2022,q1,24/10/2025,amarok,pick-up,alto,43594,36000,175,7628950,1328950,6,oficial,no
299,2022,q2,27/09/2021,golf,hatchback,medio,24794,19000,202,5008388,1170388,1,oficial,no
300,2025,q4,24/04/2025,vento,sedan,medio,25192,20000,229,5768968,1188968,13,oficial,no
301,2022,q4,12/07/2025,tiguan,SUV,alto,43975,33000,226,9938350,2480350,6,independiente,no
302,2024,q3,08/03/2025,virtus,sedan,medio,20276,15500,170,3446920,811920,2,independiente,no
303,2024,q2,22/03/2024,tiguan,SUV,alto,41645,33000,170,7079650,1469650,7,independiente,no
304,2022,q2,06/06/2025,nivus,SUV,medio,27210,21500,191,5197110,1090610,4,independiente,no
305,2025,q3,08/06/2024,polo,hatchback,medio,17853,12500,131,2338743,701243,2,oficial,no
306,2024,q3,23/01/2022,polo,hatchback,medio,16131,12500,167,2693877,606377,9,independiente,no
307,2024,q4,19/12/2025,taos,SUV,alto,32680,27000,325,10621000,1846000,14,independiente,no
308,2024,q1,15/03/2023,nivus,SUV,medio,30520,21500,241,7355320,2173820,7,oficial,no
309,2021,q2,24/09/2022,tiguan,SUV,alto,45744,33000,222,10155168,2829168,15,independiente,no
310,2025,q2,20/02/2024,nivus,SUV,medio,26248,21500,292,7664416,1386416,12,oficial,no
311,2023,q2,06/11/2022,virtus,sedan,medio,21883,15500,221,4836143,1410643,11,oficial,no
312,2025,q3,19/04/2021,nivus,SUV,medio,28153,21500,286,8051758,1902758,2,independiente,no
313,2023,q2,01/02/2024,polo,hatchback,medio,16816,12500,185,3110960,798460,2,oficial,no
314,2023,q3,12/09/2022,polo,hatchback,medio,16883,12500,154,2599982,674982,5,independiente,no
315,2025,q2,29/03/2025,nivus,SUV,medio,30614,21500,227,6949378,2068878,10,oficial,no
316,2021,q3,23/01/2023,amarok,pick-up,alto,51513,36000,258,13290354,4002354,8,independiente,no
317,2025,q1,06/10/2025,gol,hatchback,entrada,14725,11000,120,1767000,447000,8,independiente,si
318,2025,q2,23/01/2021,vento,sedan,medio,26028,20000,232,6038496,1398496,11,independiente,no
319,2023,q1,10/03/2022,golf,hatchback,medio,25592,19000,219,5604648,1443648,8,independiente,no
320,2022,q2,15/08/2024,gol,hatchback,entrada,14236,11000,104,1480544,336544,2,oficial,si
321,2023,q3,29/06/2022,taos,SUV,alto,34188,27000,290,9914520,2084520,11,independiente,no
322,2022,q3,28/10/2022,amarok,pick-up,alto,44688,36000,210,9384480,1824480,4,independiente,no
323,2023,q2,25/08/2023,taos,SUV,alto,35050,27000,212,7430600,1706600,6,independiente,no
324,2022,q2,06/07/2021,polo,hatchback,medio,18540,12500,188,3485520,1135520,13,oficial,no
325,2023,q4,20/03/2022,polo,hatchback,medio,18592,12500,189,3513888,1151388,11,oficial,no
326,2022,q2,21/04/2021,virtus,sedan,medio,21198,15500,195,4133610,1111110,4,independiente,no
327,2021,q2,18/06/2021,nivus,SUV,medio,27975,21500,315,8812125,2039625,11,independiente,no
328,2021,q1,19/04/2024,amarok,pick-up,alto,43888,36000,250,10972000,1972000,3,independiente,no
329,2024,q4,21/05/2021,golf,hatchback,medio,25558,19000,166,4242628,1088628,1,independiente,no
330,2023,q4,28/03/2021,nivus,SUV,medio,27240,21500,212,5774880,1216880,9,independiente,no
331,2025,q3,11/05/2023,golf,hatchback,medio,25513,19000,243,6199659,1582659,8,oficial,no
332,2024,q4,02/08/2021,amarok,pick-up,alto,44146,36000,189,8343594,1539594,12,independiente,no
333,2022,q1,02/10/2022,taos,SUV,alto,35469,27000,209,7413021,1770021,14,oficial,no
334,2025,q1,31/12/2024,vento,sedan,medio,25643,20000,260,6667180,1467180,8,oficial,no
335,2023,q1,21/11/2025,golf,hatchback,medio,25853,19000,197,5093041,1350041,12,oficial,no
336,2024,q3,09/06/2024,nivus,SUV,medio,29951,21500,196,5870396,1656396,9,independiente,no
337,2022,q4,05/02/2023,amarok,pick-up,alto,44107,36000,177,7806939,1434939,15,oficial,no
338,2022,q1,13/10/2025,golf,hatchback,medio,23121,19000,249,5757129,1026129,1,oficial,no
339,2021,q2,20/12/2025,nivus,SUV,medio,30649,21500,273,8367177,2497677,11,oficial,no
340,2022,q2,10/08/2025,taos,SUV,alto,35939,27000,247,8876933,2207933,1,oficial,no
341,2024,q2,03/07/2024,golf,hatchback,medio,25861,19000,153,3956733,1049733,12,independiente,no
342,2024,q3,25/05/2024,amarok,pick-up,alto,48293,36000,205,9900065,2520065,5,oficial,no
343,2021,q2,28/03/2024,taos,SUV,alto,34270,27000,313,10726510,2275510,10,independiente,no
344,2022,q4,30/01/2025,tiguan,SUV,alto,40736,33000,224,9124864,1732864,8,independiente,no
345,2022,q2,16/06/2021,taos,SUV,alto,34248,27000,230,7877040,1667040,14,independiente,no
346,2024,q3,22/11/2021,golf,hatchback,medio,25250,19000,272,6868000,1700000,10,oficial,no
347,2025,q3,22/08/2022,vento,sedan,medio,26826,20000,195,5231070,1331070,14,independiente,no
348,2025,q4,16/09/2023,nivus,SUV,medio,28242,21500,277,7823034,1867534,8,oficial,no
349,2022,q2,03/11/2022,vento,sedan,medio,28211,20000,206,5811466,1691466,14,independiente,no
350,2023,q3,27/10/2024,gol,hatchback,entrada,15801,11000,118,1864518,566518,8,oficial,no
351,2021,q4,12/04/2023,nivus,SUV,medio,30186,21500,203,6127758,1763258,13,oficial,no
352,2022,q1,02/01/2023,gol,hatchback,entrada,14477,11000,69,998913,239913,14,independiente,si
353,2025,q4,26/05/2023,gol,hatchback,entrada,13098,11000,110,1440780,230780,15,independiente,si
354,2023,q3,26/08/2021,tiguan,SUV,alto,41870,33000,282,11807340,2501340,7,independiente,no
355,2025,q3,01/11/2023,vento,sedan,medio,25945,20000,226,5863570,1343570,5,oficial,no
356,2022,q1,15/01/2022,polo,hatchback,medio,18685,12500,214,3998590,1323590,13,independiente,no
357,2022,q1,21/07/2022,tiguan,SUV,alto,44305,33000,173,7664765,1955765,9,independiente,no
358,2025,q2,02/07/2025,polo,hatchback,medio,15244,12500,163,2484772,447272,7,independiente,si
359,2025,q3,24/01/2023,vento,sedan,medio,27950,20000,242,6763900,1923900,11,oficial,no
360,2024,q4,14/04/2022,taos,SUV,alto,33137,27000,273,9046401,1675401,7,oficial,no
361,2021,q3,03/10/2024,nivus,SUV,medio,30184,21500,274,8270416,2379416,10,independiente,no
362,2021,q4,11/06/2021,polo,hatchback,medio,18768,12500,211,3960048,1322548,5,oficial,no
363,2023,q2,15/09/2023,tiguan,SUV,alto,38453,33000,177,6806181,965181,13,independiente,no
364,2021,q2,14/09/2025,amarok,pick-up,alto,43156,36000,194,8372264,1388264,9,oficial,no
365,2021,q1,28/05/2024,taos,SUV,alto,37689,27000,224,8442336,2394336,7,independiente,no
366,2024,q2,23/12/2025,polo,hatchback,medio,15740,12500,151,2376740,489240,9,oficial,si
367,2021,q1,08/05/2022,vento,sedan,medio,24901,20000,251,6250151,1230151,13,independiente,no
368,2024,q4,29/05/2023,tiguan,SUV,alto,45887,33000,247,11334089,3183089,12,oficial,no
369,2024,q3,24/08/2021,tiguan,SUV,alto,38931,33000,268,10433508,1589508,6,oficial,no
370,2021,q3,11/11/2021,nivus,SUV,medio,29565,21500,289,8544285,2330785,3,independiente,no
371,2021,q1,03/06/2023,golf,hatchback,medio,24446,19000,210,5133660,1143660,4,independiente,no
372,2025,q1,24/11/2024,amarok,pick-up,alto,43450,36000,193,8385850,1437850,11,oficial,no
373,2022,q3,12/12/2025,taos,SUV,alto,35591,27000,253,9004523,2173523,12,oficial,no
374,2022,q2,02/11/2024,vento,sedan,medio,25129,20000,140,3518060,718060,13,independiente,no
375,2023,q4,25/10/2024,virtus,sedan,medio,19882,15500,212,4214984,928984,9,oficial,no
376,2025,q3,14/03/2022,virtus,sedan,medio,20238,15500,155,3136890,734390,7,independiente,no
377,2021,q1,26/07/2021,polo,hatchback,medio,18311,12500,128,2343808,743808,14,oficial,no
378,2023,q4,24/01/2023,amarok,pick-up,alto,48819,36000,187,9129153,2397153,10,oficial,no
379,2023,q1,22/10/2022,amarok,pick-up,alto,43020,36000,210,9034200,1474200,14,independiente,no
380,2025,q4,16/04/2023,taos,SUV,alto,36251,27000,302,10947802,2793802,8,independiente,no
381,2021,q3,27/10/2022,taos,SUV,alto,32144,27000,320,10286080,1646080,3,oficial,no
382,2024,q1,11/04/2025,amarok,pick-up,alto,42951,36000,186,7988886,1292886,11,independiente,no
383,2024,q2,09/05/2022,vento,sedan,medio,28090,20000,161,4522490,1302490,15,independiente,no
384,2024,q1,06/12/2023,golf,hatchback,medio,23363,19000,248,5794024,1082024,9,oficial,no
385,2023,q1,23/04/2024,nivus,SUV,medio,26043,21500,309,8047287,1403787,3,independiente,no
386,2021,q2,22/07/2023,vento,sedan,medio,26647,20000,260,6928220,1728220,14,independiente,no
387,2022,q1,09/08/2022,golf,hatchback,medio,23740,19000,276,6552240,1308240,7,independiente,no
388,2024,q2,12/02/2021,tiguan,SUV,alto,45978,33000,235,10804830,3049830,5,independiente,no
389,2023,q3,30/12/2024,golf,hatchback,medio,26758,19000,200,5351600,1551600,11,independiente,no
390,2025,q1,26/07/2024,taos,SUV,alto,34307,27000,246,8439522,1797522,1,oficial,no
391,2021,q3,07/08/2023,taos,SUV,alto,35939,27000,350,12578650,3128650,14,oficial,no
392,2021,q2,24/06/2021,vento,sedan,medio,27410,20000,234,6413940,1733940,6,independiente,no
393,2023,q4,17/01/2021,golf,hatchback,medio,24205,19000,169,4090645,879645,12,independiente,no
394,2024,q1,06/12/2022,taos,SUV,alto,33846,27000,226,7649196,1547196,9,oficial,no
395,2022,q4,24/06/2025,virtus,sedan,medio,21648,15500,201,4351248,1235748,11,oficial,no
396,2022,q3,15/12/2022,taos,SUV,alto,35163,27000,333,11709279,2718279,1,oficial,no
397,2021,q4,02/09/2025,nivus,SUV,medio,29484,21500,264,7783776,2107776,12,independiente,no
398,2021,q4,30/06/2023,virtus,sedan,medio,20587,15500,220,4529140,1119140,4,oficial,no
399,2022,q3,27/03/2025,nivus,SUV,medio,26893,21500,268,7207324,1445324,6,independiente,no
400,2022,q4,08/08/2025,polo,hatchback,medio,17376,12500,155,2693280,755780,2,independiente,no
401,2023,q2,03/10/2025,nivus,SUV,medio,27940,21500,233,6510020,1500520,12,independiente,no
402,2023,q4,11/07/2024,tiguan,SUV,alto,42522,33000,188,7994136,1790136,12,oficial,no
403,2025,q3,10/04/2021,polo,hatchback,medio,16541,12500,207,3423987,836487,14,oficial,no
404,2022,q1,09/12/2022,amarok,pick-up,alto,45272,36000,242,10955824,2243824,14,independiente,no
405,2023,q1,27/01/2022,vento,sedan,medio,26001,20000,198,5148198,1188198,9,independiente,no
406,2021,q2,10/01/2025,nivus,SUV,medio,29181,21500,221,6449001,1697501,4,independiente,no
407,2024,q2,08/11/2023,tiguan,SUV,alto,45842,33000,197,9030874,2529874,9,independiente,no
408,2021,q2,24/05/2021,amarok,pick-up,alto,47742,36000,174,8307108,2043108,4,independiente,no
409,2022,q2,16/11/2023,nivus,SUV,medio,29001,21500,251,7279251,1882751,11,oficial,no
410,2025,q3,09/03/2024,polo,hatchback,medio,17394,12500,194,3374436,949436,4,independiente,no
411,2022,q4,22/11/2024,nivus,SUV,medio,29442,21500,249,7331058,1977558,8,independiente,no
412,2025,q2,07/06/2021,virtus,sedan,medio,21491,15500,208,4470128,1246128,11,oficial,no
413,2024,q2,15/07/2022,polo,hatchback,medio,18832,12500,154,2900128,975128,10,oficial,no
414,2024,q3,04/11/2024,polo,hatchback,medio,17019,12500,137,2331603,619103,4,oficial,no
415,2021,q2,28/07/2021,tiguan,SUV,alto,43999,33000,197,8667803,2166803,7,oficial,no
416,2024,q4,28/09/2022,polo,hatchback,medio,15627,12500,219,3422313,684813,13,independiente,no
417,2022,q3,21/12/2024,vento,sedan,medio,28395,20000,228,6474060,1914060,13,independiente,no
418,2022,q1,23/05/2021,nivus,SUV,medio,28587,21500,223,6374901,1580401,12,independiente,no
419,2023,q1,12/03/2022,amarok,pick-up,alto,50072,36000,186,9313392,2617392,4,oficial,no
420,2025,q1,22/05/2021,taos,SUV,alto,33379,27000,213,7109727,1358727,11,independiente,no
421,2021,q4,19/08/2025,polo,hatchback,medio,17242,12500,124,2138008,588008,1,independiente,no
422,2024,q2,15/08/2023,tiguan,SUV,alto,38437,33000,217,8340829,1179829,7,independiente,no
423,2023,q3,01/01/2022,nivus,SUV,medio,27535,21500,293,8067755,1768255,1,independiente,no
424,2021,q1,17/12/2022,polo,hatchback,medio,15231,12500,144,2193264,393264,13,independiente,si
425,2023,q1,30/09/2023,taos,SUV,alto,37119,27000,222,8240418,2246418,10,oficial,no
426,2023,q4,25/09/2022,nivus,SUV,medio,28302,21500,308,8717016,2095016,14,independiente,no
427,2021,q2,13/09/2025,tiguan,SUV,alto,44118,33000,215,9485370,2390370,4,oficial,no
428,2021,q2,10/07/2023,vento,sedan,medio,26360,20000,240,6326400,1526400,3,independiente,no
429,2022,q2,03/05/2024,amarok,pick-up,alto,45910,36000,242,11110220,2398220,4,independiente,no
430,2025,q3,21/07/2021,gol,hatchback,entrada,13818,11000,80,1105440,225440,12,oficial,si
431,2021,q4,24/07/2023,tiguan,SUV,alto,41769,33000,295,12321855,2586855,12,independiente,no
432,2024,q3,28/10/2025,golf,hatchback,medio,23718,19000,247,5858346,1165346,8,independiente,no
433,2022,q4,26/10/2024,taos,SUV,alto,34827,27000,335,11667045,2622045,4,oficial,no
434,2023,q1,27/01/2024,golf,hatchback,medio,23824,19000,158,3764192,762192,4,independiente,no
435,2022,q2,16/07/2024,gol,hatchback,entrada,15752,11000,72,1134144,342144,12,oficial,si
436,2024,q2,09/03/2021,gol,hatchback,entrada,13416,11000,82,1100112,198112,4,independiente,si
437,2025,q4,18/07/2024,amarok,pick-up,alto,44155,36000,220,9714100,1794100,11,oficial,no
438,2025,q1,28/05/2025,virtus,sedan,medio,20585,15500,220,4528700,1118700,11,oficial,no
439,2024,q2,17/02/2022,golf,hatchback,medio,24265,19000,232,5629480,1221480,13,independiente,no
440,2023,q3,15/06/2023,polo,hatchback,medio,18586,12500,156,2899416,949416,8,independiente,no
441,2025,q3,06/11/2024,tiguan,SUV,alto,42100,33000,274,11535400,2493400,9,oficial,no
442,2021,q4,21/11/2021,tiguan,SUV,alto,43272,33000,180,7788960,1848960,6,independiente,no
443,2021,q4,05/01/2023,taos,SUV,alto,35387,27000,291,10297617,2440617,14,independiente,no
444,2024,q1,23/03/2021,taos,SUV,alto,35843,27000,280,10036040,2476040,5,independiente,no
445,2021,q1,31/07/2024,tiguan,SUV,alto,38728,33000,294,11386032,1684032,14,oficial,no
446,2023,q1,29/08/2021,nivus,SUV,medio,26187,21500,273,7149051,1279551,9,oficial,no
447,2023,q3,24/06/2025,amarok,pick-up,alto,45243,36000,283,12803769,2615769,14,independiente,no
448,2023,q3,25/12/2021,vento,sedan,medio,24650,20000,242,5965300,1125300,8,independiente,no
449,2024,q2,21/05/2022,golf,hatchback,medio,23500,19000,267,6274500,1201500,14,independiente,no
450,2024,q3,30/03/2022,nivus,SUV,medio,30522,21500,187,5707614,1687114,6,oficial,no
451,2023,q4,24/06/2022,gol,hatchback,entrada,13512,11000,103,1391736,258736,13,independiente,si
452,2022,q1,24/02/2022,nivus,SUV,medio,26605,21500,222,5906310,1133310,1,oficial,no
453,2022,q4,24/05/2025,taos,SUV,alto,35056,27000,278,9745568,2239568,12,oficial,no
454,2022,q3,21/06/2025,amarok,pick-up,alto,48110,36000,208,10006880,2518880,5,independiente,no
455,2021,q1,02/02/2024,golf,hatchback,medio,27446,19000,264,7245744,2229744,5,independiente,no
456,2023,q3,30/08/2022,gol,hatchback,entrada,13823,11000,81,1119663,228663,1,oficial,si
457,2024,q3,30/12/2025,taos,SUV,alto,37923,27000,265,10049595,2894595,9,oficial,no
458,2023,q4,11/05/2025,nivus,SUV,medio,27199,21500,259,7044541,1476041,8,oficial,no
459,2025,q3,26/07/2024,golf,hatchback,medio,24393,19000,232,5659176,1251176,13,independiente,no
460,2022,q1,25/03/2023,virtus,sedan,medio,20669,15500,183,3782427,945927,6,oficial,no
461,2022,q4,01/06/2023,polo,hatchback,medio,16797,12500,141,2368377,605877,1,independiente,no
462,2022,q4,14/01/2023,amarok,pick-up,alto,49057,36000,271,13294447,3538447,6,independiente,no
463,2021,q2,13/01/2022,gol,hatchback,entrada,13790,11000,62,854980,172980,14,independiente,si
464,2022,q1,14/07/2024,amarok,pick-up,alto,43143,36000,243,10483749,1735749,10,independiente,no
465,2023,q3,08/11/2024,vento,sedan,medio,28281,20000,216,6108696,1788696,15,oficial,no
466,2024,q2,04/08/2024,golf,hatchback,medio,27222,19000,270,7349940,2219940,6,oficial,no
467,2021,q3,25/04/2022,nivus,SUV,medio,26899,21500,196,5272204,1058204,11,oficial,no
468,2025,q1,15/01/2024,nivus,SUV,medio,30938,21500,261,8074818,2463318,7,oficial,no
469,2021,q2,12/12/2021,taos,SUV,alto,34471,27000,268,9238228,2002228,14,oficial,no
470,2024,q2,14/01/2023,golf,hatchback,medio,24844,19000,238,5912872,1390872,9,oficial,no
471,2022,q2,24/12/2025,golf,hatchback,medio,26502,19000,215,5697930,1612930,8,independiente,no
472,2021,q2,07/12/2022,virtus,sedan,medio,20815,15500,225,4683375,1195875,7,oficial,no
473,2022,q4,30/12/2023,golf,hatchback,medio,25933,19000,182,4719806,1261806,13,oficial,no
474,2023,q2,22/08/2022,vento,sedan,medio,24683,20000,252,6220116,1180116,12,independiente,no
475,2024,q2,30/08/2023,amarok,pick-up,alto,49733,36000,217,10792061,2980061,5,independiente,no
476,2024,q2,16/02/2021,golf,hatchback,medio,23067,19000,236,5443812,959812,2,oficial,no
477,2022,q1,28/10/2022,virtus,sedan,medio,21108,15500,178,3757224,998224,2,oficial,no
478,2021,q3,18/04/2023,vento,sedan,medio,26595,20000,169,4494555,1114555,14,oficial,no
479,2025,q4,26/01/2021,amarok,pick-up,alto,49517,36000,201,9952917,2716917,1,independiente,no
480,2023,q4,13/06/2021,gol,hatchback,entrada,14300,11000,118,1687400,389400,2,independiente,si
481,2025,q1,19/09/2023,vento,sedan,medio,26073,20000,177,4614921,1074921,1,independiente,no
482,2021,q3,15/04/2021,tiguan,SUV,alto,38226,33000,171,6536646,893646,4,oficial,no
483,2023,q2,13/12/2025,virtus,sedan,medio,22894,15500,221,5059574,1634074,9,independiente,no
484,2022,q3,29/11/2021,amarok,pick-up,alto,51141,36000,179,9154239,2710239,12,oficial,no
485,2023,q2,09/04/2024,golf,hatchback,medio,27768,19000,211,5859048,1850048,5,independiente,no
486,2025,q1,16/02/2023,gol,hatchback,entrada,14479,11000,63,912177,219177,9,oficial,si
487,2024,q4,25/02/2024,polo,hatchback,medio,18615,12500,176,3276240,1076240,1,oficial,no
488,2025,q4,10/09/2021,amarok,pick-up,alto,45520,36000,222,10105440,2113440,1,oficial,no
489,2022,q1,23/07/2021,virtus,sedan,medio,20451,15500,170,3476670,841670,6,oficial,no
490,2023,q4,28/10/2021,nivus,SUV,medio,27760,21500,225,6246000,1408500,6,oficial,no
491,2023,q3,18/08/2025,polo,hatchback,medio,18750,12500,153,2868750,956250,13,independiente,no
492,2023,q2,12/05/2024,polo,hatchback,medio,17788,12500,170,3023960,898960,10,oficial,no
493,2023,q2,11/07/2023,tiguan,SUV,alto,38711,33000,206,7974466,1176466,7,oficial,no
494,2023,q4,03/09/2025,taos,SUV,alto,34874,27000,312,10880688,2456688,12,oficial,no
495,2024,q2,04/09/2024,tiguan,SUV,alto,38000,33000,248,9424000,1240000,13,independiente,no
496,2024,q4,16/12/2023,tiguan,SUV,alto,43049,33000,217,9341633,2180633,3,independiente,no
497,2023,q3,05/06/2023,golf,hatchback,medio,24361,19000,190,4628590,1018590,11,independiente,no
498,2023,q4,08/11/2024,gol,hatchback,entrada,13485,11000,74,997890,183890,6,independiente,si
499,2025,q1,24/04/2021,taos,SUV,alto,33635,27000,339,11402265,2249265,14,oficial,no
500,2021,q2,06/01/2021,nivus,SUV,medio,30166,21500,200,6033200,1733200,3,independiente,no
501,2021,q4,23/03/2023,gol,hatchback,entrada,13358,11000,103,1375874,242874,2,oficial,si
502,2022,q4,02/10/2023,polo,hatchback,medio,18801,12500,136,2556936,856936,12,independiente,no
503,2024,q4,12/07/2024,gol,hatchback,entrada,14070,11000,54,759780,165780,9,oficial,si
504,2023,q4,19/03/2025,amarok,pick-up,alto,45802,36000,163,7465726,1597726,8,independiente,no
505,2022,q2,30/01/2021,golf,hatchback,medio,26756,19000,245,6555220,1900220,13,independiente,no
506,2021,q4,04/07/2024,polo,hatchback,medio,18686,12500,143,2672098,884598,5,independiente,no
507,2022,q2,24/01/2024,taos,SUV,alto,34760,27000,251,8724760,1947760,3,oficial,no
508,2025,q4,22/03/2023,golf,hatchback,medio,25877,19000,268,6935036,1843036,5,oficial,no
509,2024,q1,19/08/2022,nivus,SUV,medio,30118,21500,204,6144072,1758072,1,independiente,no
510,2024,q1,15/03/2025,vento,sedan,medio,24326,20000,240,5838240,1038240,15,independiente,no
511,2024,q3,05/09/2024,nivus,SUV,medio,27408,21500,270,7400160,1595160,11,independiente,no
512,2024,q1,23/07/2023,vento,sedan,medio,28464,20000,174,4952736,1472736,3,oficial,no
513,2021,q2,28/08/2023,golf,hatchback,medio,26189,19000,216,5656824,1552824,4,oficial,no
514,2022,q1,06/05/2023,taos,SUV,alto,32765,27000,219,7175535,1262535,14,independiente,no
515,2021,q4,19/11/2024,polo,hatchback,medio,17354,12500,208,3609632,1009632,7,oficial,no
516,2023,q2,22/09/2022,polo,hatchback,medio,15446,12500,133,2054318,391818,7,oficial,si
517,2022,q2,20/09/2021,virtus,sedan,medio,22637,15500,152,3440824,1084824,5,oficial,no
518,2021,q3,06/08/2025,virtus,sedan,medio,21942,15500,238,5222196,1533196,5,independiente,no
519,2022,q2,25/08/2021,golf,hatchback,medio,25315,19000,275,6961625,1736625,10,independiente,no
520,2021,q2,16/05/2024,golf,hatchback,medio,24679,19000,171,4220109,971109,3,oficial,no
521,2025,q3,14/05/2022,nivus,SUV,medio,30486,21500,225,6859350,2021850,13,oficial,no
522,2021,q1,09/02/2022,nivus,SUV,medio,29400,21500,207,6085800,1635300,4,oficial,no
523,2024,q2,14/09/2024,polo,hatchback,medio,16746,12500,198,3315708,840708,14,oficial,no
524,2021,q4,01/12/2022,gol,hatchback,entrada,13869,11000,62,859878,177878,10,independiente,si
525,2021,q1,02/07/2022,taos,SUV,alto,37290,27000,293,10925970,3014970,13,oficial,no
526,2025,q3,23/08/2025,gol,hatchback,entrada,13093,11000,50,654650,104650,9,independiente,si
527,2024,q1,18/12/2025,gol,hatchback,entrada,14124,11000,69,974556,215556,7,oficial,si
528,2022,q4,09/07/2024,golf,hatchback,medio,26476,19000,254,6724904,1898904,6,independiente,no
529,2024,q2,20/08/2021,taos,SUV,alto,34956,27000,323,11290788,2569788,5,oficial,no
530,2023,q1,22/07/2021,taos,SUV,alto,34554,27000,264,9122256,1994256,13,independiente,no
531,2021,q1,18/01/2023,amarok,pick-up,alto,51636,36000,282,14561352,4409352,7,oficial,no
532,2025,q3,17/08/2024,nivus,SUV,medio,27492,21500,304,8357568,1821568,6,oficial,no
533,2025,q3,12/08/2025,taos,SUV,alto,37737,27000,234,8830458,2512458,12,oficial,no
534,2023,q4,05/12/2025,virtus,sedan,medio,19924,15500,233,4642292,1030792,4,independiente,no
535,2023,q1,17/03/2025,vento,sedan,medio,26349,20000,182,4795518,1155518,8,independiente,no
536,2025,q1,01/11/2023,amarok,pick-up,alto,47899,36000,231,11064669,2748669,9,oficial,no
537,2023,q3,21/08/2023,virtus,sedan,medio,22186,15500,155,3438830,1036330,15,independiente,no
538,2021,q3,23/05/2021,tiguan,SUV,alto,38955,33000,257,10011435,1530435,12,independiente,no
539,2024,q2,06/04/2024,taos,SUV,alto,32735,27000,286,9362210,1640210,2,oficial,no
540,2021,q2,01/07/2021,amarok,pick-up,alto,50270,36000,214,10757780,3053780,12,independiente,no
541,2022,q2,30/12/2025,taos,SUV,alto,36092,27000,348,12560016,3164016,10,oficial,no
542,2022,q4,04/12/2021,polo,hatchback,medio,17404,12500,175,3045700,858200,5,oficial,no
543,2025,q4,16/10/2025,virtus,sedan,medio,20202,15500,207,4181814,973314,7,independiente,no
544,2023,q3,05/09/2021,taos,SUV,alto,35515,27000,228,8097420,1941420,3,independiente,no
545,2025,q4,14/12/2022,virtus,sedan,medio,19065,15500,189,3603285,673785,14,oficial,no
546,2022,q3,09/04/2023,gol,hatchback,entrada,13729,11000,95,1304255,259255,9,independiente,si
547,2021,q4,11/06/2025,virtus,sedan,medio,21884,15500,155,3392020,989520,1,independiente,no
548,2022,q3,21/07/2023,amarok,pick-up,alto,48402,36000,288,13939776,3571776,6,independiente,no
549,2024,q3,01/08/2021,gol,hatchback,entrada,13371,11000,116,1551036,275036,15,oficial,si
550,2022,q4,04/12/2023,amarok,pick-up,alto,51257,36000,284,14556988,4332988,9,oficial,no
551,2022,q1,03/03/2023,nivus,SUV,medio,29806,21500,269,8017814,2234314,14,oficial,no
552,2021,q2,16/08/2022,virtus,sedan,medio,20267,15500,170,3445390,810390,7,independiente,no
553,2022,q4,06/09/2024,nivus,SUV,medio,29465,21500,238,7012670,1895670,14,oficial,no
554,2021,q2,20/10/2021,vento,sedan,medio,27032,20000,198,5352336,1392336,4,oficial,no
555,2023,q1,09/04/2023,virtus,sedan,medio,21935,15500,137,3005095,881595,5,oficial,no
556,2022,q3,09/11/2025,virtus,sedan,medio,19700,15500,228,4491600,957600,7,independiente,no
557,2022,q1,01/02/2025,golf,hatchback,medio,23720,19000,151,3581720,712720,5,oficial,no
558,2024,q3,01/10/2022,taos,SUV,alto,32353,27000,237,7667661,1268661,10,independiente,no
559,2025,q2,01/12/2021,amarok,pick-up,alto,46980,36000,285,13389300,3129300,2,independiente,no
560,2025,q1,10/11/2024,golf,hatchback,medio,24666,19000,271,6684486,1535486,6,oficial,no
561,2023,q2,05/02/2022,vento,sedan,medio,24224,20000,193,4675232,815232,2,independiente,no
562,2022,q1,20/01/2024,tiguan,SUV,alto,40471,33000,192,7770432,1434432,2,oficial,no
563,2024,q2,18/03/2024,gol,hatchback,entrada,13411,11000,114,1528854,274854,15,independiente,si
564,2023,q2,24/01/2022,nivus,SUV,medio,29384,21500,219,6435096,1726596,9,oficial,no
565,2025,q3,19/05/2022,nivus,SUV,medio,28476,21500,267,7603092,1862592,14,independiente,no
566,2022,q4,24/11/2025,vento,sedan,medio,28058,20000,210,5892180,1692180,8,independiente,no
567,2024,q4,28/08/2022,taos,SUV,alto,32326,27000,327,10570602,1741602,2,oficial,no
568,2024,q3,06/05/2025,tiguan,SUV,alto,44283,33000,214,9476562,2414562,2,oficial,no
569,2023,q1,12/06/2021,tiguan,SUV,alto,42701,33000,265,11315765,2570765,15,independiente,no
570,2025,q3,04/11/2022,golf,hatchback,medio,25653,19000,246,6310638,1636638,12,oficial,no
571,2023,q2,09/01/2025,vento,sedan,medio,24527,20000,164,4022428,742428,14,oficial,no
572,2021,q2,15/10/2021,polo,hatchback,medio,18728,12500,195,3651960,1214460,9,oficial,no
573,2023,q3,11/06/2022,vento,sedan,medio,25077,20000,194,4864938,984938,4,independiente,no
574,2025,q2,05/04/2025,golf,hatchback,medio,23891,19000,280,6689480,1369480,9,oficial,no
575,2024,q1,06/11/2022,vento,sedan,medio,25259,20000,148,3738332,778332,2,oficial,no
576,2023,q1,21/05/2022,vento,sedan,medio,24080,20000,172,4141760,701760,6,oficial,no
577,2025,q3,12/03/2025,virtus,sedan,medio,22652,15500,146,3307192,1044192,12,independiente,no
578,2025,q3,18/02/2024,virtus,sedan,medio,22129,15500,209,4624961,1385461,6,oficial,no
579,2021,q2,17/08/2021,gol,hatchback,entrada,14049,11000,84,1180116,256116,7,oficial,si
580,2021,q3,22/09/2021,vento,sedan,medio,25019,20000,199,4978781,998781,11,oficial,no
581,2021,q2,10/12/2024,amarok,pick-up,alto,42052,36000,160,6728320,968320,6,oficial,no
582,2025,q4,21/05/2023,vento,sedan,medio,25989,20000,147,3820383,880383,7,oficial,no
583,2024,q1,22/12/2021,virtus,sedan,medio,21492,15500,210,4513320,1258320,2,independiente,no
584,2023,q1,10/05/2022,taos,SUV,alto,32993,27000,348,11481564,2085564,11,oficial,no
585,2023,q1,24/06/2025,polo,hatchback,medio,18108,12500,160,2897280,897280,13,independiente,no
586,2022,q4,02/02/2025,virtus,sedan,medio,22820,15500,233,5317060,1705560,3,oficial,no
587,2023,q3,16/05/2022,tiguan,SUV,alto,42921,33000,242,10386882,2400882,11,oficial,no
588,2021,q1,29/09/2022,vento,sedan,medio,25991,20000,172,4470452,1030452,7,oficial,no
589,2022,q4,12/09/2025,golf,hatchback,medio,23061,19000,234,5396274,950274,10,independiente,no
590,2025,q4,12/09/2022,virtus,sedan,medio,20401,15500,220,4488220,1078220,10,oficial,no
591,2022,q2,24/12/2023,vento,sedan,medio,25909,20000,240,6218160,1418160,2,independiente,no
592,2025,q1,11/02/2025,gol,hatchback,entrada,13789,11000,83,1144487,231487,14,oficial,si
593,2024,q2,29/01/2021,golf,hatchback,medio,23740,19000,206,4890440,976440,12,independiente,no
594,2022,q1,29/08/2024,virtus,sedan,medio,20917,15500,206,4308902,1115902,10,independiente,no
595,2024,q2,11/10/2023,tiguan,SUV,alto,44888,33000,300,13466400,3566400,10,oficial,no
596,2022,q1,16/04/2025,golf,hatchback,medio,27161,19000,198,5377878,1615878,8,independiente,no
597,2025,q3,18/05/2024,vento,sedan,medio,27880,20000,209,5826920,1646920,10,independiente,no
598,2024,q3,12/10/2025,vento,sedan,medio,25793,20000,151,3894743,874743,3,oficial,no
599,2023,q2,21/06/2022,polo,hatchback,medio,17882,12500,206,3683692,1108692,12,oficial,no
600,2024,q2,08/02/2022,polo,hatchback,medio,15220,12500,134,2039480,364480,12,oficial,si
601,2021,q4,05/03/2021,golf,hatchback,medio,25111,19000,169,4243759,1032759,14,oficial,no
602,2021,q2,14/04/2024,amarok,pick-up,alto,46023,36000,217,9986991,2174991,10,independiente,no
603,2025,q1,20/11/2024,nivus,SUV,medio,27805,21500,194,5394170,1223170,3,independiente,no
604,2022,q2,04/05/2022,golf,hatchback,medio,27543,19000,232,6389976,1981976,14,independiente,no
605,2023,q3,07/10/2023,amarok,pick-up,alto,44769,36000,288,12893472,2525472,1,oficial,no
606,2023,q1,19/08/2025,golf,hatchback,medio,26912,19000,252,6781824,1993824,8,independiente,no
607,2025,q1,06/05/2023,polo,hatchback,medio,18959,12500,193,3659087,1246587,1,oficial,no
608,2021,q1,09/07/2022,golf,hatchback,medio,26614,19000,234,6227676,1781676,1,independiente,no
609,2025,q2,15/03/2023,nivus,SUV,medio,28722,21500,183,5256126,1321626,5,oficial,no
610,2025,q3,13/05/2025,amarok,pick-up,alto,49193,36000,211,10379723,2783723,10,independiente,no
611,2023,q1,05/05/2023,taos,SUV,alto,37529,27000,245,9194605,2579605,15,independiente,no
612,2022,q1,19/10/2021,taos,SUV,alto,34651,27000,323,11192273,2471273,15,oficial,no
613,2025,q3,21/05/2023,vento,sedan,medio,25105,20000,235,5899675,1199675,2,oficial,no
614,2022,q2,12/03/2025,gol,hatchback,entrada,13471,11000,67,902557,165557,6,oficial,si
615,2021,q3,07/08/2023,golf,hatchback,medio,23041,19000,218,5022938,880938,2,oficial,no
616,2021,q1,18/05/2021,amarok,pick-up,alto,45472,36000,287,13050464,2718464,6,independiente,no
617,2023,q2,26/12/2023,golf,hatchback,medio,24291,19000,224,5441184,1185184,3,independiente,no
618,2025,q1,03/08/2025,tiguan,SUV,alto,42875,33000,272,11662000,2686000,2,oficial,no
619,2021,q1,05/07/2024,golf,hatchback,medio,23587,19000,267,6297729,1224729,10,oficial,no
620,2023,q2,07/07/2024,vento,sedan,medio,26862,20000,239,6420018,1640018,6,oficial,no
621,2023,q3,14/12/2025,nivus,SUV,medio,30056,21500,237,7123272,2027772,6,independiente,no
622,2023,q4,09/08/2024,tiguan,SUV,alto,45355,33000,236,10703780,2915780,9,oficial,no
623,2023,q3,31/12/2021,golf,hatchback,medio,27265,19000,185,5044025,1529025,3,independiente,no
624,2023,q1,26/01/2024,polo,hatchback,medio,18315,12500,214,3919410,1244410,6,independiente,no
625,2024,q1,20/05/2024,amarok,pick-up,alto,46878,36000,286,13407108,3111108,13,independiente,no
626,2024,q3,09/06/2022,vento,sedan,medio,27339,20000,211,5768529,1548529,15,oficial,no
627,2024,q4,28/09/2021,nivus,SUV,medio,30926,21500,214,6618164,2017164,8,oficial,no
628,2022,q4,17/06/2025,golf,hatchback,medio,24900,19000,259,6449100,1528100,7,oficial,no
629,2024,q1,25/06/2025,virtus,sedan,medio,22557,15500,193,4353501,1362001,11,independiente,no
630,2024,q2,06/07/2021,gol,hatchback,entrada,14281,11000,109,1556629,357629,7,oficial,si
631,2024,q4,23/09/2021,gol,hatchback,entrada,15965,11000,113,1804045,561045,6,oficial,no
632,2022,q3,11/05/2022,taos,SUV,alto,37121,27000,248,9206008,2510008,1,oficial,no
633,2024,q1,26/02/2021,virtus,sedan,medio,20464,15500,192,3929088,953088,15,oficial,no
634,2025,q4,09/06/2021,amarok,pick-up,alto,50404,36000,283,14264332,4076332,10,independiente,no
635,2021,q2,25/06/2023,virtus,sedan,medio,20920,15500,230,4811600,1246600,1,independiente,no
636,2024,q1,21/03/2025,amarok,pick-up,alto,43848,36000,239,10479672,1875672,14,independiente,no
637,2021,q1,09/06/2024,nivus,SUV,medio,27722,21500,289,8011658,1798158,8,oficial,no
638,2025,q1,20/10/2021,golf,hatchback,medio,26211,19000,275,7208025,1983025,8,oficial,no
639,2022,q1,22/08/2024,polo,hatchback,medio,18820,12500,154,2898280,973280,1,independiente,no
640,2021,q4,16/12/2025,golf,hatchback,medio,27892,19000,170,4741640,1511640,15,independiente,no
641,2023,q2,30/12/2022,nivus,SUV,medio,29776,21500,320,9528320,2648320,6,oficial,no
642,2024,q4,24/12/2023,taos,SUV,alto,33490,27000,218,7300820,1414820,5,oficial,no
643,2024,q2,11/04/2021,golf,hatchback,medio,24564,19000,221,5428644,1229644,12,oficial,no
644,2024,q4,22/11/2023,taos,SUV,alto,35898,27000,333,11954034,2963034,13,independiente,no
645,2025,q4,15/02/2025,amarok,pick-up,alto,51775,36000,283,14652325,4464325,2,independiente,no
646,2023,q4,01/03/2023,amarok,pick-up,alto,47646,36000,174,8290404,2026404,2,oficial,no
647,2024,q4,30/12/2023,polo,hatchback,medio,17457,12500,211,3683427,1045927,9,oficial,no
648,2021,q2,11/12/2021,nivus,SUV,medio,28486,21500,290,8260940,2025940,3,independiente,no
649,2025,q1,29/04/2024,virtus,sedan,medio,21776,15500,201,4376976,1261476,13,independiente,no
650,2023,q2,23/11/2021,amarok,pick-up,alto,49770,36000,274,13636980,3772980,15,oficial,no
651,2025,q4,13/06/2023,vento,sedan,medio,24936,20000,171,4264056,844056,4,independiente,no
652,2022,q2,19/01/2021,gol,hatchback,entrada,13097,11000,71,929887,148887,9,oficial,si
653,2025,q4,09/04/2025,vento,sedan,medio,25412,20000,174,4421688,941688,1,independiente,no
654,2024,q1,13/05/2023,vento,sedan,medio,25003,20000,257,6425771,1285771,10,oficial,no
655,2024,q3,03/04/2022,gol,hatchback,entrada,15856,11000,75,1189200,364200,14,oficial,si
656,2024,q1,15/12/2025,taos,SUV,alto,35226,27000,254,8947404,2089404,7,oficial,no
657,2025,q4,24/12/2024,taos,SUV,alto,34803,27000,294,10232082,2294082,11,independiente,no
658,2021,q3,30/01/2025,nivus,SUV,medio,28881,21500,305,8808705,2251205,14,oficial,no
659,2024,q2,27/02/2021,taos,SUV,alto,32436,27000,219,7103484,1190484,9,oficial,no
660,2023,q1,17/10/2021,taos,SUV,alto,32053,27000,250,8013250,1263250,6,oficial,no
661,2025,q1,13/06/2024,polo,hatchback,medio,18981,12500,184,3492504,1192504,5,oficial,no
662,2024,q2,07/05/2024,tiguan,SUV,alto,38978,33000,214,8341292,1279292,1,independiente,no
663,2024,q2,25/10/2022,tiguan,SUV,alto,43560,33000,256,11151360,2703360,12,oficial,no
664,2024,q2,20/03/2023,virtus,sedan,medio,22060,15500,186,4103160,1220160,1,oficial,no
665,2022,q2,31/05/2021,virtus,sedan,medio,22847,15500,220,5026340,1616340,15,oficial,no
666,2021,q1,20/08/2021,tiguan,SUV,alto,42988,33000,186,7995768,1857768,11,independiente,no
667,2024,q3,29/07/2023,polo,hatchback,medio,16723,12500,193,3227539,815039,13,oficial,no
668,2024,q3,11/01/2021,nivus,SUV,medio,27498,21500,192,5279616,1151616,10,independiente,no
669,2025,q4,01/07/2021,golf,hatchback,medio,24650,19000,251,6187150,1418150,6,oficial,no
670,2023,q2,07/12/2021,virtus,sedan,medio,22193,15500,219,4860267,1465767,7,oficial,no
671,2025,q4,23/04/2025,amarok,pick-up,alto,42007,36000,189,7939323,1135323,3,oficial,no
672,2023,q2,19/03/2025,nivus,SUV,medio,26514,21500,252,6681528,1263528,4,oficial,no
673,2021,q4,18/04/2023,vento,sedan,medio,27960,20000,162,4529520,1289520,12,oficial,no
674,2024,q3,17/06/2024,polo,hatchback,medio,17230,12500,154,2653420,728420,15,independiente,no
675,2024,q3,09/06/2022,golf,hatchback,medio,25086,19000,262,6572532,1594532,5,oficial,no
676,2023,q1,23/12/2022,taos,SUV,alto,35937,27000,267,9595179,2386179,1,independiente,no
677,2024,q3,13/08/2025,gol,hatchback,entrada,15186,11000,80,1214880,334880,9,independiente,si
678,2024,q3,13/03/2022,virtus,sedan,medio,22978,15500,136,3125008,1017008,3,independiente,no
679,2022,q1,31/01/2021,nivus,SUV,medio,26840,21500,248,6656320,1324320,15,oficial,no
680,2021,q1,20/06/2021,amarok,pick-up,alto,44894,36000,206,9248164,1832164,15,independiente,no
681,2022,q2,14/10/2021,tiguan,SUV,alto,45901,33000,266,12209666,3431666,4,independiente,no
682,2022,q2,13/11/2023,golf,hatchback,medio,24812,19000,273,6773676,1586676,14,oficial,no
683,2022,q1,17/10/2021,nivus,SUV,medio,27513,21500,275,7566075,1653575,12,independiente,no
684,2022,q4,02/06/2021,taos,SUV,alto,37472,27000,347,13002784,3633784,11,oficial,no
685,2023,q3,01/06/2021,gol,hatchback,entrada,13043,11000,60,782580,122580,15,oficial,si
686,2023,q2,25/04/2024,vento,sedan,medio,25180,20000,153,3852540,792540,9,oficial,no
687,2024,q2,14/10/2023,tiguan,SUV,alto,40497,33000,238,9638286,1784286,3,oficial,no
688,2023,q1,11/05/2021,amarok,pick-up,alto,46118,36000,255,11760090,2580090,13,independiente,no
689,2022,q1,02/11/2021,taos,SUV,alto,32263,27000,301,9711163,1584163,7,oficial,no
690,2024,q2,10/03/2024,amarok,pick-up,alto,50538,36000,225,11371050,3271050,15,independiente,no
691,2025,q4,22/05/2024,polo,hatchback,medio,16609,12500,136,2258824,558824,1,oficial,no
692,2023,q2,08/08/2022,vento,sedan,medio,25163,20000,198,4982274,1022274,10,oficial,no
693,2021,q2,15/05/2021,gol,hatchback,entrada,13525,11000,86,1163150,217150,15,independiente,si
694,2025,q1,12/10/2021,golf,hatchback,medio,24612,19000,210,5168520,1178520,10,oficial,no
695,2022,q4,12/01/2025,polo,hatchback,medio,15253,12500,149,2272697,410197,5,oficial,si
696,2021,q1,22/06/2023,polo,hatchback,medio,15974,12500,173,2763502,601002,8,independiente,no
697,2021,q1,11/11/2022,nivus,SUV,medio,29574,21500,320,9463680,2583680,1,independiente,no
698,2021,q4,11/08/2025,amarok,pick-up,alto,48132,36000,259,12466188,3142188,14,independiente,no
699,2023,q3,30/09/2022,polo,hatchback,medio,16036,12500,196,3143056,693056,12,independiente,no
700,2023,q1,14/11/2025,polo,hatchback,medio,17013,12500,204,3470652,920652,13,independiente,no
701,2022,q1,14/04/2023,virtus,sedan,medio,19968,15500,169,3374592,755092,11,oficial,no
702,2021,q1,14/05/2025,amarok,pick-up,alto,44062,36000,217,9561454,1749454,13,independiente,no
703,2021,q3,03/02/2024,gol,hatchback,entrada,13798,11000,71,979658,198658,4,independiente,si
704,2025,q1,27/08/2024,taos,SUV,alto,32201,27000,305,9821305,1586305,13,oficial,no
705,2023,q4,18/10/2022,virtus,sedan,medio,21120,15500,238,5026560,1337560,13,independiente,no
706,2021,q1,01/10/2023,vento,sedan,medio,24619,20000,165,4062135,762135,3,independiente,no
707,2022,q3,30/07/2021,virtus,sedan,medio,21318,15500,135,2877930,785430,2,independiente,no
708,2023,q1,05/09/2023,polo,hatchback,medio,16901,12500,201,3397101,884601,13,oficial,no
709,2024,q4,11/11/2021,nivus,SUV,medio,28032,21500,221,6195072,1443572,12,oficial,no
710,2025,q2,03/06/2025,golf,hatchback,medio,27915,19000,229,6392535,2041535,8,oficial,no
711,2023,q1,10/05/2023,vento,sedan,medio,27228,20000,220,5990160,1590160,9,oficial,no
712,2021,q2,03/09/2023,gol,hatchback,entrada,13027,11000,56,729512,113512,4,oficial,si
713,2023,q4,27/01/2021,nivus,SUV,medio,30497,21500,192,5855424,1727424,12,oficial,no
714,2023,q4,03/01/2021,virtus,sedan,medio,22225,15500,223,4956175,1499675,7,oficial,no
715,2023,q3,02/10/2021,polo,hatchback,medio,18922,12500,144,2724768,924768,7,oficial,no
716,2022,q1,30/08/2024,tiguan,SUV,alto,42063,33000,181,7613403,1640403,4,independiente,no
717,2023,q4,05/10/2024,nivus,SUV,medio,30545,21500,319,9743855,2885355,9,oficial,no
718,2025,q2,25/08/2024,amarok,pick-up,alto,49420,36000,211,10427620,2831620,4,oficial,no
719,2021,q1,04/07/2025,golf,hatchback,medio,26873,19000,177,4756521,1393521,8,oficial,no
720,2023,q4,26/03/2024,vento,sedan,medio,27360,20000,250,6840000,1840000,6,oficial,no
721,2023,q2,06/07/2023,nivus,SUV,medio,29028,21500,257,7460196,1934696,11,oficial,no
722,2024,q3,02/03/2024,amarok,pick-up,alto,42636,36000,265,11298540,1758540,12,independiente,no
723,2023,q1,21/10/2024,tiguan,SUV,alto,41330,33000,183,7563390,1524390,6,oficial,no
724,2021,q2,17/12/2023,taos,SUV,alto,32746,27000,287,9398102,1649102,8,oficial,no
725,2021,q1,15/01/2023,polo,hatchback,medio,15945,12500,200,3189000,689000,6,independiente,no
726,2023,q4,10/08/2022,golf,hatchback,medio,23135,19000,204,4719540,843540,15,independiente,no
727,2022,q2,30/01/2024,gol,hatchback,entrada,13584,11000,120,1630080,310080,10,independiente,si
728,2022,q4,22/01/2025,vento,sedan,medio,28506,20000,227,6470862,1930862,10,oficial,no
729,2021,q4,01/02/2022,golf,hatchback,medio,25324,19000,239,6052436,1511436,14,oficial,no
730,2022,q2,29/07/2025,gol,hatchback,entrada,13163,11000,85,1118855,183855,13,independiente,si
731,2022,q3,13/12/2023,gol,hatchback,entrada,14871,11000,91,1353261,352261,5,oficial,si
732,2025,q3,10/03/2023,tiguan,SUV,alto,44777,33000,204,9134508,2402508,13,oficial,no
733,2023,q2,30/03/2024,amarok,pick-up,alto,50473,36000,238,12012574,3444574,13,independiente,no
734,2021,q1,02/03/2023,amarok,pick-up,alto,49955,36000,234,11689470,3265470,12,oficial,no
735,2025,q2,29/11/2023,amarok,pick-up,alto,45998,36000,288,13247424,2879424,5,independiente,no
736,2021,q4,11/11/2024,taos,SUV,alto,32403,27000,347,11243841,1874841,15,oficial,no
737,2021,q4,26/08/2022,vento,sedan,medio,27990,20000,195,5458050,1558050,13,independiente,no
738,2021,q3,28/08/2024,gol,hatchback,entrada,15137,11000,55,832535,227535,6,independiente,si
739,2024,q4,07/09/2025,taos,SUV,alto,33099,27000,243,8043057,1482057,1,independiente,no
740,2021,q1,31/05/2025,amarok,pick-up,alto,45047,36000,262,11802314,2370314,13,oficial,no
741,2023,q1,29/10/2022,vento,sedan,medio,28131,20000,172,4838532,1398532,1,independiente,no
742,2021,q4,16/08/2023,virtus,sedan,medio,19590,15500,217,4251030,887530,8,independiente,no
743,2021,q2,15/11/2025,amarok,pick-up,alto,44873,36000,246,11038758,2182758,7,oficial,no
744,2023,q2,06/01/2022,taos,SUV,alto,36661,27000,215,7882115,2077115,10,independiente,no
745,2024,q3,28/03/2025,gol,hatchback,entrada,13784,11000,65,895960,180960,3,oficial,si
746,2022,q4,07/03/2023,gol,hatchback,entrada,15027,11000,50,751350,201350,15,oficial,si
747,2025,q4,16/02/2024,polo,hatchback,medio,18254,12500,163,2975402,937902,3,independiente,no
748,2023,q3,16/08/2025,amarok,pick-up,alto,45516,36000,162,7373592,1541592,15,independiente,no
749,2023,q2,06/10/2025,golf,hatchback,medio,24677,19000,177,4367829,1004829,1,independiente,no
750,2025,q3,03/02/2021,golf,hatchback,medio,24782,19000,274,6790268,1584268,10,oficial,no
751,2025,q3,01/01/2023,amarok,pick-up,alto,51377,36000,226,11611202,3475202,4,oficial,no
752,2021,q3,19/07/2025,vento,sedan,medio,28344,20000,253,7171032,2111032,6,oficial,no
753,2025,q2,26/10/2024,nivus,SUV,medio,28546,21500,238,6793948,1676948,2,independiente,no
754,2025,q4,10/01/2025,taos,SUV,alto,34732,27000,329,11426828,2543828,6,oficial,no
755,2022,q4,23/02/2021,amarok,pick-up,alto,49144,36000,166,8157904,2181904,8,independiente,no
756,2021,q4,26/07/2023,nivus,SUV,medio,30998,21500,272,8431456,2583456,6,independiente,no
757,2021,q2,24/05/2024,vento,sedan,medio,28269,20000,148,4183812,1223812,2,independiente,no
758,2021,q4,24/03/2025,vento,sedan,medio,28716,20000,201,5771916,1751916,2,independiente,no
759,2023,q3,02/02/2024,gol,hatchback,entrada,15373,11000,118,1814014,516014,9,oficial,no
760,2023,q3,09/12/2025,nivus,SUV,medio,28968,21500,225,6517800,1680300,13,oficial,no
761,2025,q3,14/02/2024,gol,hatchback,entrada,13052,11000,86,1122472,176472,12,oficial,si
762,2021,q2,15/05/2021,vento,sedan,medio,28999,20000,230,6669770,2069770,5,independiente,no
763,2024,q4,13/12/2021,nivus,SUV,medio,26326,21500,286,7529236,1380236,9,independiente,no
764,2022,q4,01/04/2023,virtus,sedan,medio,22386,15500,227,5081622,1563122,5,independiente,no
765,2025,q1,11/07/2022,tiguan,SUV,alto,39169,33000,185,7246265,1141265,2,oficial,no
766,2025,q2,25/09/2025,taos,SUV,alto,32035,27000,272,8713520,1369520,4,independiente,no
767,2022,q4,11/07/2022,golf,hatchback,medio,27739,19000,205,5686495,1791495,10,independiente,no
768,2024,q2,03/02/2021,polo,hatchback,medio,17894,12500,123,2200962,663462,8,independiente,no
769,2024,q3,12/03/2025,golf,hatchback,medio,27451,19000,230,6313730,1943730,5,independiente,no
770,2021,q4,21/02/2021,golf,hatchback,medio,25844,19000,245,6331780,1676780,2,independiente,no
771,2021,q1,10/03/2025,taos,SUV,alto,37298,27000,324,12084552,3336552,7,oficial,no
772,2023,q2,29/08/2021,virtus,sedan,medio,19475,15500,168,3271800,667800,4,oficial,no
773,2021,q3,04/04/2024,amarok,pick-up,alto,49661,36000,275,13656775,3756775,13,independiente,no
774,2021,q1,06/06/2021,vento,sedan,medio,25655,20000,233,5977615,1317615,12,independiente,no
775,2021,q1,01/08/2023,amarok,pick-up,alto,47759,36000,181,8644379,2128379,3,oficial,no
776,2025,q1,07/07/2022,virtus,sedan,medio,20876,15500,148,3089648,795648,2,oficial,no
777,2025,q4,25/10/2023,virtus,sedan,medio,20175,15500,210,4236750,981750,10,independiente,no
778,2021,q3,15/02/2021,polo,hatchback,medio,16310,12500,132,2152920,502920,1,oficial,no
779,2024,q2,15/07/2025,golf,hatchback,medio,25776,19000,190,4897440,1287440,3,independiente,no
780,2022,q3,17/07/2022,taos,SUV,alto,35926,27000,226,8119276,2017276,6,independiente,no
781,2022,q3,11/01/2022,amarok,pick-up,alto,50270,36000,211,10606970,3010970,4,oficial,no
782,2021,q4,25/12/2022,polo,hatchback,medio,18464,12500,165,3046560,984060,2,oficial,no
783,2022,q1,08/12/2024,golf,hatchback,medio,24985,19000,280,6995800,1675800,3,oficial,no
784,2025,q3,07/11/2025,gol,hatchback,entrada,15036,11000,86,1293096,347096,1,oficial,si
785,2023,q2,29/05/2022,polo,hatchback,medio,18808,12500,131,2463848,826348,12,oficial,no
786,2024,q1,12/10/2024,taos,SUV,alto,36336,27000,246,8938656,2296656,6,oficial,no
787,2023,q3,04/08/2023,tiguan,SUV,alto,44232,33000,206,9111792,2313792,5,oficial,no
788,2025,q1,07/08/2021,polo,hatchback,medio,18879,12500,169,3190551,1078051,12,oficial,no
789,2023,q2,09/12/2022,nivus,SUV,medio,29357,21500,278,8161246,2184246,13,independiente,no
790,2022,q3,13/11/2021,nivus,SUV,medio,29194,21500,226,6597844,1738844,9,independiente,no
791,2023,q3,13/10/2021,virtus,sedan,medio,19421,15500,171,3320991,670491,1,independiente,no
792,2025,q4,23/08/2024,virtus,sedan,medio,21058,15500,158,3327164,878164,6,oficial,no
793,2021,q4,22/01/2023,tiguan,SUV,alto,41989,33000,170,7138130,1528130,11,oficial,no
794,2025,q3,13/01/2024,tiguan,SUV,alto,45486,33000,296,13463856,3695856,4,oficial,no
795,2022,q3,15/01/2023,virtus,sedan,medio,22915,15500,209,4789235,1549735,7,oficial,no
796,2025,q1,14/01/2025,vento,sedan,medio,28831,20000,179,5160749,1580749,3,oficial,no
797,2021,q2,04/04/2023,virtus,sedan,medio,21566,15500,220,4744520,1334520,2,oficial,no
798,2025,q2,21/03/2021,nivus,SUV,medio,28370,21500,253,7177610,1738110,2,oficial,no
799,2025,q2,10/08/2025,golf,hatchback,medio,27874,19000,234,6522516,2076516,5,oficial,no
800,2022,q3,08/05/2025,taos,SUV,alto,32165,27000,288,9263520,1487520,8,independiente,no
801,2025,q1,30/10/2021,virtus,sedan,medio,19108,15500,228,4356624,822624,3,independiente,no
802,2024,q4,15/12/2022,amarok,pick-up,alto,44926,36000,164,7367864,1463864,2,independiente,no
803,2025,q3,29/08/2022,tiguan,SUV,alto,43669,33000,199,8690131,2123131,12,oficial,no
804,2024,q4,12/12/2024,virtus,sedan,medio,19032,15500,146,2778672,515672,9,independiente,no
805,2021,q2,23/07/2024,gol,hatchback,entrada,13910,11000,94,1307540,273540,1,oficial,si
806,2022,q4,08/05/2024,nivus,SUV,medio,29514,21500,279,8234406,2235906,13,oficial,no
807,2024,q2,27/04/2021,golf,hatchback,medio,24257,19000,174,4220718,914718,8,independiente,no
808,2024,q4,24/11/2024,virtus,sedan,medio,21480,15500,142,3050160,849160,6,independiente,no
809,2025,q3,07/01/2024,polo,hatchback,medio,18260,12500,123,2245980,708480,1,oficial,no
810,2024,q3,23/09/2025,gol,hatchback,entrada,14836,11000,56,830816,214816,2,oficial,si
811,2024,q4,06/11/2021,virtus,sedan,medio,22213,15500,185,4109405,1241905,12,independiente,no
812,2022,q2,19/12/2023,vento,sedan,medio,27308,20000,221,6035068,1615068,12,oficial,no
813,2022,q3,08/09/2025,tiguan,SUV,alto,41799,33000,188,7858212,1654212,11,oficial,no
814,2021,q4,09/10/2023,amarok,pick-up,alto,51090,36000,204,10422360,3078360,9,independiente,no
815,2024,q3,10/02/2025,virtus,sedan,medio,22902,15500,190,4351380,1406380,14,independiente,no
816,2023,q4,04/06/2023,amarok,pick-up,alto,44069,36000,270,11898630,2178630,15,oficial,no
817,2023,q2,12/11/2024,gol,hatchback,entrada,14524,11000,94,1365256,331256,4,independiente,si
818,2023,q1,18/11/2025,tiguan,SUV,alto,39475,33000,206,8131850,1333850,8,independiente,no
819,2022,q1,19/05/2021,amarok,pick-up,alto,43608,36000,234,10204272,1780272,13,oficial,no
820,2022,q2,10/05/2025,amarok,pick-up,alto,44609,36000,248,11063032,2135032,8,independiente,no
821,2024,q4,13/08/2024,polo,hatchback,medio,18808,12500,215,4043720,1356220,13,oficial,no
822,2021,q3,12/09/2022,taos,SUV,alto,34852,27000,200,6970400,1570400,7,oficial,no
823,2024,q3,04/08/2021,taos,SUV,alto,37946,27000,267,10131582,2922582,3,oficial,no
824,2024,q4,27/12/2022,gol,hatchback,entrada,14811,11000,92,1362612,350612,7,oficial,si
825,2025,q2,14/05/2023,vento,sedan,medio,26301,20000,244,6417444,1537444,12,oficial,no
826,2021,q3,23/06/2024,gol,hatchback,entrada,14047,11000,106,1488982,322982,14,oficial,si
827,2021,q4,12/11/2022,taos,SUV,alto,32958,27000,293,9656694,1745694,6,oficial,no
828,2022,q3,10/03/2022,tiguan,SUV,alto,41625,33000,297,12362625,2561625,7,independiente,no
829,2025,q3,27/06/2025,amarok,pick-up,alto,48997,36000,278,13621166,3613166,3,independiente,no
830,2022,q3,29/08/2021,virtus,sedan,medio,19499,15500,234,4562766,935766,8,independiente,no
831,2022,q2,18/05/2021,gol,hatchback,entrada,15233,11000,84,1279572,355572,11,oficial,si
832,2021,q1,31/12/2021,gol,hatchback,entrada,14530,11000,113,1641890,398890,5,independiente,si
833,2025,q1,28/10/2022,gol,hatchback,entrada,14383,11000,113,1625279,382279,15,independiente,si
834,2022,q2,06/08/2022,amarok,pick-up,alto,43186,36000,196,8464456,1408456,4,independiente,no
835,2023,q2,02/10/2024,virtus,sedan,medio,20286,15500,181,3671766,866266,14,independiente,no
836,2024,q4,04/08/2022,taos,SUV,alto,34192,27000,349,11933008,2510008,10,oficial,no
837,2025,q1,08/06/2025,polo,hatchback,medio,18814,12500,167,3141938,1054438,7,independiente,no
838,2021,q3,04/11/2022,golf,hatchback,medio,24334,19000,236,5742824,1258824,5,oficial,no
839,2024,q3,21/02/2023,polo,hatchback,medio,18847,12500,185,3486695,1174195,4,oficial,no
840,2024,q2,20/05/2025,nivus,SUV,medio,27479,21500,189,5193531,1130031,9,independiente,no
841,2021,q4,22/07/2022,gol,hatchback,entrada,15726,11000,61,959286,288286,5,independiente,si
842,2023,q4,12/02/2024,taos,SUV,alto,37618,27000,270,10156860,2866860,1,independiente,no
843,2024,q3,05/12/2025,taos,SUV,alto,37244,27000,211,7858484,2161484,3,independiente,no
844,2024,q3,12/09/2025,nivus,SUV,medio,26195,21500,266,6967870,1248870,5,independiente,no
845,2024,q3,09/07/2024,nivus,SUV,medio,29403,21500,270,7938810,2133810,8,oficial,no
846,2024,q3,04/06/2023,virtus,sedan,medio,21455,15500,134,2874970,797970,13,independiente,no
847,2025,q3,02/11/2025,tiguan,SUV,alto,39888,33000,277,11048976,1907976,6,oficial,no
848,2023,q2,14/03/2025,gol,hatchback,entrada,14961,11000,100,1496100,396100,5,oficial,si
849,2025,q1,10/11/2025,polo,hatchback,medio,18850,12500,218,4109300,1384300,6,independiente,no
850,2022,q2,02/01/2024,golf,hatchback,medio,27180,19000,203,5517540,1660540,12,independiente,no
851,2021,q4,23/05/2022,golf,hatchback,medio,25520,19000,199,5078480,1297480,6,independiente,no
852,2021,q4,12/08/2025,polo,hatchback,medio,15002,12500,215,3225430,537930,8,independiente,no
853,2021,q1,30/01/2024,amarok,pick-up,alto,48133,36000,191,9193403,2317403,7,oficial,no
854,2021,q1,29/02/2024,virtus,sedan,medio,20183,15500,234,4722822,1095822,15,independiente,no
855,2022,q1,30/10/2023,nivus,SUV,medio,28245,21500,214,6044430,1443430,10,independiente,no
856,2025,q2,26/11/2024,taos,SUV,alto,35932,27000,242,8695544,2161544,13,oficial,no
857,2024,q2,03/12/2022,vento,sedan,medio,25017,20000,250,6254250,1254250,14,independiente,no
858,2021,q3,21/03/2024,vento,sedan,medio,27577,20000,162,4467474,1227474,2,oficial,no
859,2025,q2,17/06/2021,amarok,pick-up,alto,46760,36000,284,13279840,3055840,15,oficial,no
860,2025,q3,15/07/2023,amarok,pick-up,alto,44306,36000,183,8107998,1519998,7,oficial,no
861,2025,q2,12/12/2023,nivus,SUV,medio,26620,21500,284,7560080,1454080,13,independiente,no
862,2024,q4,08/05/2025,gol,hatchback,entrada,13290,11000,78,1036620,178620,7,independiente,si
863,2024,q1,13/09/2024,gol,hatchback,entrada,15803,11000,78,1232634,374634,10,independiente,si
864,2021,q2,10/04/2024,taos,SUV,alto,36311,27000,286,10384946,2662946,14,oficial,no
865,2024,q4,03/04/2023,gol,hatchback,entrada,13496,11000,61,823256,152256,13,independiente,si
866,2022,q4,05/10/2025,taos,SUV,alto,36224,27000,243,8802432,2241432,4,independiente,no
867,2024,q1,07/07/2022,vento,sedan,medio,26385,20000,223,5883855,1423855,6,independiente,no
868,2022,q1,11/01/2022,taos,SUV,alto,37113,27000,288,10688544,2912544,12,independiente,no
869,2022,q4,13/04/2021,golf,hatchback,medio,25670,19000,276,7084920,1840920,8,independiente,no
870,2024,q4,06/11/2024,nivus,SUV,medio,28143,21500,200,5628600,1328600,3,oficial,no
871,2023,q4,12/10/2021,gol,hatchback,entrada,13466,11000,100,1346600,246600,14,independiente,si
872,2025,q4,25/10/2024,golf,hatchback,medio,27873,19000,233,6494409,2067409,4,independiente,no
873,2022,q3,21/10/2022,polo,hatchback,medio,16120,12500,159,2563080,575580,6,independiente,no
874,2021,q2,24/03/2022,polo,hatchback,medio,16410,12500,214,3511740,836740,9,oficial,no
875,2024,q3,02/02/2022,tiguan,SUV,alto,39544,33000,247,9767368,1616368,7,independiente,no
876,2022,q2,16/03/2022,vento,sedan,medio,26241,20000,208,5458128,1298128,8,independiente,no
877,2024,q2,22/06/2025,virtus,sedan,medio,21845,15500,130,2839850,824850,11,oficial,no
878,2021,q2,06/09/2023,golf,hatchback,medio,24088,19000,269,6479672,1368672,8,independiente,no
879,2021,q3,06/05/2024,taos,SUV,alto,34988,27000,268,9376784,2140784,7,oficial,no
880,2022,q2,06/05/2021,taos,SUV,alto,34706,27000,237,8225322,1826322,6,independiente,no
881,2022,q3,06/04/2024,gol,hatchback,entrada,15984,11000,55,879120,274120,15,oficial,si
882,2025,q1,26/08/2021,virtus,sedan,medio,21112,15500,166,3504592,931592,2,oficial,no
883,2022,q4,18/10/2021,gol,hatchback,entrada,15709,11000,70,1099630,329630,15,oficial,si
884,2025,q3,11/06/2024,vento,sedan,medio,24126,20000,174,4197924,717924,15,oficial,no
885,2021,q4,23/03/2021,gol,hatchback,entrada,15760,11000,105,1654800,499800,3,independiente,si
886,2024,q1,27/11/2024,polo,hatchback,medio,15500,12500,174,2697000,522000,12,independiente,no
887,2022,q1,22/04/2025,virtus,sedan,medio,19760,15500,214,4228640,911640,5,independiente,no
888,2023,q2,18/01/2025,gol,hatchback,entrada,14795,11000,112,1657040,425040,11,oficial,si
889,2025,q3,13/07/2022,taos,SUV,alto,37370,27000,330,12332100,3422100,6,independiente,no
890,2023,q3,06/08/2022,amarok,pick-up,alto,49843,36000,240,11962320,3322320,14,independiente,no
891,2025,q4,02/07/2021,gol,hatchback,entrada,15834,11000,65,1029210,314210,15,oficial,si
892,2024,q3,28/07/2023,taos,SUV,alto,32885,27000,246,8089710,1447710,15,oficial,no
893,2024,q1,26/09/2021,nivus,SUV,medio,30439,21500,307,9344773,2744273,8,oficial,no
894,2022,q4,22/06/2021,taos,SUV,alto,34113,27000,312,10643256,2219256,15,oficial,no
895,2025,q1,30/07/2025,taos,SUV,alto,34561,27000,309,10679349,2336349,5,independiente,no
896,2025,q4,29/06/2022,nivus,SUV,medio,27471,21500,231,6345801,1379301,10,independiente,no
897,2023,q3,09/12/2022,tiguan,SUV,alto,39327,33000,222,8730594,1404594,10,independiente,no
898,2021,q1,20/07/2021,gol,hatchback,entrada,14125,11000,80,1130000,250000,6,oficial,si
899,2023,q1,03/09/2024,virtus,sedan,medio,19331,15500,212,4098172,812172,3,independiente,no
900,2025,q1,01/08/2022,golf,hatchback,medio,25054,19000,217,5436718,1313718,6,independiente,no
901,2022,q4,01/07/2023,polo,hatchback,medio,15945,12500,178,2838210,613210,3,oficial,no
902,2025,q3,21/11/2025,taos,SUV,alto,32761,27000,294,9631734,1693734,13,oficial,no
903,2022,q1,30/04/2022,virtus,sedan,medio,22590,15500,182,4111380,1290380,9,oficial,no
904,2024,q4,30/10/2022,amarok,pick-up,alto,48771,36000,289,14094819,3690819,5,oficial,no
905,2024,q2,09/06/2024,virtus,sedan,medio,22289,15500,231,5148759,1568259,11,independiente,no
906,2022,q3,30/04/2023,virtus,sedan,medio,19716,15500,201,3962916,847416,4,oficial,no
907,2023,q3,11/02/2024,amarok,pick-up,alto,48588,36000,275,13361700,3461700,3,oficial,no
908,2025,q3,27/01/2025,golf,hatchback,medio,23335,19000,186,4340310,806310,11,oficial,no
909,2023,q3,30/09/2022,tiguan,SUV,alto,40817,33000,174,7102158,1360158,1,independiente,no
910,2024,q2,09/01/2024,gol,hatchback,entrada,14307,11000,57,815499,188499,6,independiente,si
911,2022,q1,18/05/2023,vento,sedan,medio,26934,20000,193,5198262,1338262,1,oficial,no
912,2025,q4,09/08/2024,taos,SUV,alto,37250,27000,299,11137750,3064750,3,oficial,no
913,2021,q1,04/07/2023,golf,hatchback,medio,26608,19000,157,4177456,1194456,2,independiente,no
914,2025,q3,08/03/2025,amarok,pick-up,alto,45486,36000,168,7641648,1593648,9,independiente,no
915,2021,q4,01/12/2023,nivus,SUV,medio,29760,21500,317,9433920,2618420,7,oficial,no
916,2024,q1,18/12/2025,polo,hatchback,medio,15986,12500,179,2861494,623994,4,oficial,no
917,2022,q2,11/08/2021,tiguan,SUV,alto,45969,33000,261,11997909,3384909,1,oficial,no
918,2025,q3,17/07/2021,gol,hatchback,entrada,13089,11000,78,1020942,162942,3,independiente,si
919,2025,q4,19/03/2024,virtus,sedan,medio,19497,15500,210,4094370,839370,5,independiente,no
920,2023,q3,03/01/2025,vento,sedan,medio,24340,20000,191,4648940,828940,9,oficial,no
921,2024,q2,25/04/2023,tiguan,SUV,alto,41282,33000,262,10815884,2169884,9,oficial,no
922,2022,q1,18/08/2024,polo,hatchback,medio,16399,12500,149,2443451,580951,1,oficial,no
923,2025,q1,07/06/2021,vento,sedan,medio,25286,20000,163,4121618,861618,4,oficial,no
924,2024,q3,11/10/2024,tiguan,SUV,alto,40043,33000,283,11332169,1993169,2,independiente,no
925,2023,q3,24/06/2023,amarok,pick-up,alto,45023,36000,233,10490359,2102359,7,independiente,no
926,2022,q3,29/05/2024,vento,sedan,medio,26345,20000,175,4610375,1110375,15,oficial,no
927,2021,q2,14/11/2022,virtus,sedan,medio,22098,15500,229,5060442,1510942,6,oficial,no
928,2024,q2,09/07/2023,vento,sedan,medio,24697,20000,213,5260461,1000461,7,oficial,no
929,2021,q1,15/04/2021,polo,hatchback,medio,15246,12500,215,3277890,590390,12,independiente,no
930,2025,q3,16/03/2022,nivus,SUV,medio,26362,21500,217,5720554,1055054,7,independiente,no
931,2022,q2,06/02/2023,vento,sedan,medio,27198,20000,242,6581916,1741916,11,independiente,no
932,2025,q1,25/12/2021,polo,hatchback,medio,17260,12500,185,3193100,880600,7,independiente,no
933,2024,q1,08/01/2023,golf,hatchback,medio,25074,19000,176,4413024,1069024,15,oficial,no
934,2021,q2,18/07/2025,vento,sedan,medio,26258,20000,251,6590758,1570758,1,oficial,no
935,2022,q1,09/04/2025,gol,hatchback,entrada,13702,11000,100,1370200,270200,2,oficial,si
936,2021,q2,27/01/2024,golf,hatchback,medio,27404,19000,247,6768788,2075788,6,independiente,no
937,2025,q2,19/08/2023,virtus,sedan,medio,21583,15500,188,4057604,1143604,11,independiente,no
938,2022,q2,18/02/2025,polo,hatchback,medio,15892,12500,175,2781100,593600,12,independiente,no
939,2023,q4,04/05/2025,vento,sedan,medio,28579,20000,189,5401431,1621431,3,independiente,no
940,2022,q4,14/11/2024,taos,SUV,alto,33205,27000,201,6674205,1247205,15,oficial,no
941,2022,q1,16/11/2024,virtus,sedan,medio,20203,15500,168,3394104,790104,14,oficial,no
942,2021,q1,06/05/2022,polo,hatchback,medio,18518,12500,151,2796218,908718,1,independiente,no
943,2023,q1,21/03/2025,virtus,sedan,medio,19219,15500,225,4324275,836775,7,oficial,no
944,2022,q3,14/10/2023,taos,SUV,alto,34927,27000,285,9954195,2259195,14,oficial,no
945,2025,q2,18/05/2025,virtus,sedan,medio,22370,15500,134,2997580,920580,5,oficial,no
946,2025,q3,06/09/2025,taos,SUV,alto,36609,27000,220,8053980,2113980,10,oficial,no
947,2024,q3,08/01/2024,polo,hatchback,medio,15056,12500,195,2935920,498420,12,independiente,si
948,2022,q4,14/07/2025,gol,hatchback,entrada,13284,11000,73,969732,166732,7,oficial,si
949,2021,q2,17/10/2023,tiguan,SUV,alto,39239,33000,202,7926278,1260278,15,oficial,no
950,2025,q4,24/09/2023,vento,sedan,medio,27335,20000,229,6259715,1679715,14,oficial,no
951,2025,q2,02/07/2023,polo,hatchback,medio,15071,12500,214,3225194,550194,15,oficial,no
952,2022,q1,27/03/2024,virtus,sedan,medio,20131,15500,141,2838471,652971,13,oficial,no
953,2025,q3,27/05/2024,vento,sedan,medio,27321,20000,227,6201867,1661867,1,oficial,no
954,2025,q4,10/04/2024,nivus,SUV,medio,27315,21500,233,6364395,1354895,14,oficial,no
955,2021,q4,10/08/2021,tiguan,SUV,alto,43042,33000,277,11922634,2781634,1,independiente,no
956,2022,q4,08/09/2024,nivus,SUV,medio,26496,21500,198,5246208,989208,10,independiente,no
957,2023,q2,12/07/2022,golf,hatchback,medio,26537,19000,168,4458216,1266216,14,independiente,no
958,2024,q1,15/07/2025,golf,hatchback,medio,27550,19000,178,4903900,1521900,15,oficial,no
959,2022,q4,06/05/2022,golf,hatchback,medio,27809,19000,189,5255901,1664901,13,independiente,no
960,2024,q4,18/05/2022,polo,hatchback,medio,18855,12500,149,2809395,946895,15,independiente,no
961,2023,q3,11/02/2021,nivus,SUV,medio,27007,21500,241,6508687,1327187,11,oficial,no
962,2023,q4,15/12/2022,taos,SUV,alto,36377,27000,350,12731950,3281950,8,independiente,no
963,2025,q2,08/08/2021,tiguan,SUV,alto,42679,33000,237,10114923,2293923,12,oficial,no
964,2023,q2,22/09/2024,taos,SUV,alto,35507,27000,322,11433254,2739254,6,independiente,no
965,2022,q4,12/03/2023,tiguan,SUV,alto,43666,33000,233,10174178,2485178,7,independiente,no
966,2023,q3,16/02/2022,nivus,SUV,medio,27474,21500,256,7033344,1529344,5,independiente,no
967,2021,q3,19/11/2022,taos,SUV,alto,35342,27000,260,9188920,2168920,3,oficial,no
968,2025,q2,28/02/2021,taos,SUV,alto,33525,27000,243,8146575,1585575,3,oficial,no
969,2022,q3,21/01/2022,gol,hatchback,entrada,15621,11000,120,1874520,554520,13,independiente,no
970,2023,q4,07/01/2024,taos,SUV,alto,34405,27000,324,11147220,2399220,1,oficial,no
971,2022,q2,15/11/2024,amarok,pick-up,alto,42944,36000,177,7601088,1229088,4,independiente,no
972,2025,q2,06/07/2023,virtus,sedan,medio,19000,15500,182,3458000,637000,11,independiente,no
973,2023,q3,25/02/2022,vento,sedan,medio,24065,20000,189,4548285,768285,9,oficial,no
974,2021,q2,01/02/2021,gol,hatchback,entrada,14241,11000,62,882942,200942,8,independiente,si
975,2024,q4,09/01/2025,amarok,pick-up,alto,47508,36000,239,11354412,2750412,2,oficial,no
976,2025,q1,03/04/2023,nivus,SUV,medio,27358,21500,206,5635748,1206748,2,oficial,no
977,2023,q4,18/10/2024,tiguan,SUV,alto,44830,33000,247,11073010,2922010,13,independiente,no
978,2023,q4,11/09/2025,tiguan,SUV,alto,42072,33000,243,10223496,2204496,2,oficial,no
979,2023,q1,24/01/2024,tiguan,SUV,alto,44375,33000,293,13001875,3332875,4,oficial,no
980,2021,q3,16/10/2023,taos,SUV,alto,32159,27000,242,7782478,1248478,15,independiente,no
981,2021,q1,10/05/2022,tiguan,SUV,alto,42374,33000,229,9703646,2146646,9,independiente,no
982,2024,q4,23/07/2022,polo,hatchback,medio,15056,12500,210,3161760,536760,5,independiente,no
983,2025,q1,23/11/2022,golf,hatchback,medio,23890,19000,233,5566370,1139370,7,oficial,no
984,2021,q1,29/03/2023,taos,SUV,alto,33897,27000,258,8745426,1779426,15,independiente,no
985,2021,q4,05/01/2022,nivus,SUV,medio,26709,21500,257,6864213,1338713,4,independiente,no
986,2021,q1,11/02/2023,polo,hatchback,medio,17498,12500,124,2169752,619752,12,independiente,no
987,2025,q3,05/06/2024,gol,hatchback,entrada,15091,11000,66,996006,270006,14,independiente,si
988,2022,q2,12/12/2023,polo,hatchback,medio,18647,12500,215,4009105,1321605,6,oficial,no
989,2024,q2,20/03/2023,virtus,sedan,medio,20930,15500,161,3369730,874230,12,independiente,no
990,2025,q4,12/02/2021,taos,SUV,alto,37793,27000,252,9523836,2719836,4,independiente,no
991,2024,q3,20/04/2024,amarok,pick-up,alto,46438,36000,215,9984170,2244170,15,independiente,no
992,2024,q4,28/01/2021,amarok,pick-up,alto,50855,36000,262,13324010,3892010,6,independiente,no
993,2022,q1,16/02/2021,tiguan,SUV,alto,41570,33000,273,11348610,2339610,13,oficial,no
994,2025,q2,19/06/2024,polo,hatchback,medio,15107,12500,187,2825009,487509,1,independiente,si
995,2024,q3,10/11/2021,polo,hatchback,medio,18872,12500,150,2830800,955800,15,oficial,no
996,2021,q3,16/08/2024,vento,sedan,medio,26608,20000,161,4283888,1063888,9,oficial,no
997,2025,q3,22/10/2024,tiguan,SUV,alto,41808,33000,275,11497200,2422200,2,independiente,no
998,2022,q2,07/06/2025,taos,SUV,alto,35908,27000,267,9587436,2378436,5,independiente,no
999,2022,q1,19/07/2025,polo,hatchback,medio,16804,12500,143,2402972,615472,2,independiente,no
1000,2023,q1,20/03/2025,taos,SUV,alto,36056,27000,310,11177360,2807360,11,independiente,no
